Year,Center_Name,Pathogen,Antibiotic,Total_Isolates,Resistant_Isolates,Resistance_Percentage,Latitude,Longitude,resistance_prop
2022,"AIIMS, New Delhi",Escherichia coli,Imipenem,210,52,25.1,28.5672,77.21,0.251
2022,"AIIMS, New Delhi",Escherichia coli,Meropenem,210,57,27.3,28.5672,77.21,0.273
2022,"AIIMS, New Delhi",Escherichia coli,Ceftriaxone,210,68,32.7,28.5672,77.21,0.327
2022,"AIIMS, New Delhi",Escherichia coli,Ciprofloxacin,210,49,23.7,28.5672,77.21,0.237
2022,"AIIMS, New Delhi",Escherichia coli,Amikacin,210,40,19.2,28.5672,77.21,0.192
2022,"AIIMS, New Delhi",Escherichia coli,Colistin,210,4,2.3,28.5672,77.21,0.023
2022,"AIIMS, New Delhi",Klebsiella pneumoniae,Imipenem,194,110,57.1,28.5672,77.21,0.5710000000000001
2022,"AIIMS, New Delhi",Klebsiella pneumoniae,Meropenem,194,118,61.0,28.5672,77.21,0.61
2022,"AIIMS, New Delhi",Klebsiella pneumoniae,Ceftriaxone,194,178,92.1,28.5672,77.21,0.9209999999999999
2022,"AIIMS, New Delhi",Klebsiella pneumoniae,Ciprofloxacin,194,117,60.7,28.5672,77.21,0.607
2022,"AIIMS, New Delhi",Klebsiella pneumoniae,Amikacin,194,133,68.8,28.5672,77.21,0.688
2022,"AIIMS, New Delhi",Klebsiella pneumoniae,Colistin,194,13,6.9,28.5672,77.21,0.069
2022,"AIIMS, New Delhi",Staphylococcus aureus,Penicillin,138,66,48.1,28.5672,77.21,0.48100000000000004
2022,"AIIMS, New Delhi",Staphylococcus aureus,Ciprofloxacin,138,63,45.9,28.5672,77.21,0.45899999999999996
2022,"AIIMS, New Delhi",Staphylococcus aureus,Erythromycin,138,62,45.4,28.5672,77.21,0.45399999999999996
2022,"AIIMS, New Delhi",Staphylococcus aureus,Clindamycin,138,65,47.4,28.5672,77.21,0.474
2022,"AIIMS, New Delhi",Staphylococcus aureus,Vancomycin,138,67,49.1,28.5672,77.21,0.491
2022,"AIIMS, New Delhi",Staphylococcus aureus,Linezolid,138,61,44.3,28.5672,77.21,0.44299999999999995
2022,"AIIMS, New Delhi",Acinetobacter baumannii,Imipenem,292,174,59.9,28.5672,77.21,0.599
2022,"AIIMS, New Delhi",Acinetobacter baumannii,Meropenem,292,181,62.1,28.5672,77.21,0.621
2022,"AIIMS, New Delhi",Acinetobacter baumannii,Ceftriaxone,292,273,93.8,28.5672,77.21,0.938
2022,"AIIMS, New Delhi",Acinetobacter baumannii,Ciprofloxacin,292,189,65.0,28.5672,77.21,0.65
2022,"AIIMS, New Delhi",Acinetobacter baumannii,Amikacin,292,170,58.2,28.5672,77.21,0.5820000000000001
2022,"AIIMS, New Delhi",Acinetobacter baumannii,Colistin,292,17,6.0,28.5672,77.21,0.06
2022,"AIIMS, New Delhi",Pseudomonas aeruginosa,Imipenem,520,99,19.1,28.5672,77.21,0.191
2022,"AIIMS, New Delhi",Pseudomonas aeruginosa,Meropenem,520,138,26.7,28.5672,77.21,0.267
2022,"AIIMS, New Delhi",Pseudomonas aeruginosa,Ceftriaxone,520,201,38.8,28.5672,77.21,0.38799999999999996
2022,"AIIMS, New Delhi",Pseudomonas aeruginosa,Ciprofloxacin,520,111,21.4,28.5672,77.21,0.214
2022,"AIIMS, New Delhi",Pseudomonas aeruginosa,Amikacin,520,138,26.7,28.5672,77.21,0.267
2022,"AIIMS, New Delhi",Pseudomonas aeruginosa,Colistin,520,12,2.5,28.5672,77.21,0.025
2022,"CMC, Vellore",Escherichia coli,Imipenem,199,38,19.5,12.9248,79.1352,0.195
2022,"CMC, Vellore",Escherichia coli,Meropenem,199,31,15.8,12.9248,79.1352,0.158
2022,"CMC, Vellore",Escherichia coli,Ceftriaxone,199,54,27.6,12.9248,79.1352,0.276
2022,"CMC, Vellore",Escherichia coli,Ciprofloxacin,199,28,14.5,12.9248,79.1352,0.145
2022,"CMC, Vellore",Escherichia coli,Amikacin,199,31,15.6,12.9248,79.1352,0.156
2022,"CMC, Vellore",Escherichia coli,Colistin,199,3,1.8,12.9248,79.1352,0.018000000000000002
2022,"CMC, Vellore",Klebsiella pneumoniae,Imipenem,208,95,46.0,12.9248,79.1352,0.46
2022,"CMC, Vellore",Klebsiella pneumoniae,Meropenem,208,101,49.0,12.9248,79.1352,0.49
2022,"CMC, Vellore",Klebsiella pneumoniae,Ceftriaxone,208,126,60.7,12.9248,79.1352,0.607
2022,"CMC, Vellore",Klebsiella pneumoniae,Ciprofloxacin,208,78,37.9,12.9248,79.1352,0.379
2022,"CMC, Vellore",Klebsiella pneumoniae,Amikacin,208,100,48.5,12.9248,79.1352,0.485
2022,"CMC, Vellore",Klebsiella pneumoniae,Colistin,208,8,4.3,12.9248,79.1352,0.043
2022,"CMC, Vellore",Staphylococcus aureus,Penicillin,110,40,37.2,12.9248,79.1352,0.37200000000000005
2022,"CMC, Vellore",Staphylococcus aureus,Ciprofloxacin,110,32,29.7,12.9248,79.1352,0.297
2022,"CMC, Vellore",Staphylococcus aureus,Erythromycin,110,40,37.2,12.9248,79.1352,0.37200000000000005
2022,"CMC, Vellore",Staphylococcus aureus,Clindamycin,110,38,34.6,12.9248,79.1352,0.34600000000000003
2022,"CMC, Vellore",Staphylococcus aureus,Vancomycin,110,36,33.6,12.9248,79.1352,0.336
2022,"CMC, Vellore",Staphylococcus aureus,Linezolid,110,42,38.2,12.9248,79.1352,0.382
2022,"CMC, Vellore",Acinetobacter baumannii,Imipenem,54,25,47.6,12.9248,79.1352,0.47600000000000003
2022,"CMC, Vellore",Acinetobacter baumannii,Meropenem,54,26,49.0,12.9248,79.1352,0.49
2022,"CMC, Vellore",Acinetobacter baumannii,Ceftriaxone,54,39,73.5,12.9248,79.1352,0.735
2022,"CMC, Vellore",Acinetobacter baumannii,Ciprofloxacin,54,26,48.4,12.9248,79.1352,0.484
2022,"CMC, Vellore",Acinetobacter baumannii,Amikacin,54,23,44.1,12.9248,79.1352,0.441
2022,"CMC, Vellore",Acinetobacter baumannii,Colistin,54,2,4.2,12.9248,79.1352,0.042
2022,"CMC, Vellore",Pseudomonas aeruginosa,Imipenem,71,13,18.6,12.9248,79.1352,0.18600000000000003
2022,"CMC, Vellore",Pseudomonas aeruginosa,Meropenem,71,14,19.8,12.9248,79.1352,0.198
2022,"CMC, Vellore",Pseudomonas aeruginosa,Ceftriaxone,71,18,25.7,12.9248,79.1352,0.257
2022,"CMC, Vellore",Pseudomonas aeruginosa,Ciprofloxacin,71,12,17.7,12.9248,79.1352,0.177
2022,"CMC, Vellore",Pseudomonas aeruginosa,Amikacin,71,11,16.0,12.9248,79.1352,0.16
2022,"CMC, Vellore",Pseudomonas aeruginosa,Colistin,71,1,1.6,12.9248,79.1352,0.016
2022,"PGIMER, Chandigarh",Escherichia coli,Imipenem,733,183,25.1,30.7634,76.7797,0.251
2022,"PGIMER, Chandigarh",Escherichia coli,Meropenem,733,146,20.0,30.7634,76.7797,0.2
2022,"PGIMER, Chandigarh",Escherichia coli,Ceftriaxone,733,272,37.2,30.7634,76.7797,0.37200000000000005
2022,"PGIMER, Chandigarh",Escherichia coli,Ciprofloxacin,733,174,23.8,30.7634,76.7797,0.23800000000000002
2022,"PGIMER, Chandigarh",Escherichia coli,Amikacin,733,184,25.1,30.7634,76.7797,0.251
2022,"PGIMER, Chandigarh",Escherichia coli,Colistin,733,18,2.6,30.7634,76.7797,0.026000000000000002
2022,"PGIMER, Chandigarh",Klebsiella pneumoniae,Imipenem,451,253,56.3,30.7634,76.7797,0.563
2022,"PGIMER, Chandigarh",Klebsiella pneumoniae,Meropenem,451,279,62.0,30.7634,76.7797,0.62
2022,"PGIMER, Chandigarh",Klebsiella pneumoniae,Ceftriaxone,451,349,77.6,30.7634,76.7797,0.7759999999999999
2022,"PGIMER, Chandigarh",Klebsiella pneumoniae,Ciprofloxacin,451,263,58.3,30.7634,76.7797,0.583
2022,"PGIMER, Chandigarh",Klebsiella pneumoniae,Amikacin,451,268,59.6,30.7634,76.7797,0.596
2022,"PGIMER, Chandigarh",Klebsiella pneumoniae,Colistin,451,29,6.6,30.7634,76.7797,0.066
2022,"PGIMER, Chandigarh",Staphylococcus aureus,Penicillin,711,314,44.2,30.7634,76.7797,0.442
2022,"PGIMER, Chandigarh",Staphylococcus aureus,Ciprofloxacin,711,355,50.0,30.7634,76.7797,0.5
2022,"PGIMER, Chandigarh",Staphylococcus aureus,Erythromycin,711,371,52.2,30.7634,76.7797,0.522
2022,"PGIMER, Chandigarh",Staphylococcus aureus,Clindamycin,711,419,59.0,30.7634,76.7797,0.59
2022,"PGIMER, Chandigarh",Staphylococcus aureus,Vancomycin,711,396,55.8,30.7634,76.7797,0.5579999999999999
2022,"PGIMER, Chandigarh",Staphylococcus aureus,Linezolid,711,369,52.0,30.7634,76.7797,0.52
2022,"PGIMER, Chandigarh",Acinetobacter baumannii,Imipenem,963,493,51.2,30.7634,76.7797,0.512
2022,"PGIMER, Chandigarh",Acinetobacter baumannii,Meropenem,963,629,65.4,30.7634,76.7797,0.654
2022,"PGIMER, Chandigarh",Acinetobacter baumannii,Ceftriaxone,963,857,89.1,30.7634,76.7797,0.8909999999999999
2022,"PGIMER, Chandigarh",Acinetobacter baumannii,Ciprofloxacin,963,522,54.3,30.7634,76.7797,0.5429999999999999
2022,"PGIMER, Chandigarh",Acinetobacter baumannii,Amikacin,963,553,57.5,30.7634,76.7797,0.575
2022,"PGIMER, Chandigarh",Acinetobacter baumannii,Colistin,963,49,5.2,30.7634,76.7797,0.052000000000000005
2022,"PGIMER, Chandigarh",Pseudomonas aeruginosa,Imipenem,965,213,22.1,30.7634,76.7797,0.221
2022,"PGIMER, Chandigarh",Pseudomonas aeruginosa,Meropenem,965,223,23.1,30.7634,76.7797,0.231
2022,"PGIMER, Chandigarh",Pseudomonas aeruginosa,Ceftriaxone,965,372,38.6,30.7634,76.7797,0.386
2022,"PGIMER, Chandigarh",Pseudomonas aeruginosa,Ciprofloxacin,965,225,23.4,30.7634,76.7797,0.23399999999999999
2022,"PGIMER, Chandigarh",Pseudomonas aeruginosa,Amikacin,965,251,26.0,30.7634,76.7797,0.26
2022,"PGIMER, Chandigarh",Pseudomonas aeruginosa,Colistin,965,20,2.1,30.7634,76.7797,0.021
2022,"JIPMER, Puducherry",Escherichia coli,Imipenem,527,94,18.0,11.9547,79.7963,0.18
2022,"JIPMER, Puducherry",Escherichia coli,Meropenem,527,92,17.6,11.9547,79.7963,0.17600000000000002
2022,"JIPMER, Puducherry",Escherichia coli,Ceftriaxone,527,122,23.2,11.9547,79.7963,0.23199999999999998
2022,"JIPMER, Puducherry",Escherichia coli,Ciprofloxacin,527,90,17.2,11.9547,79.7963,0.172
2022,"JIPMER, Puducherry",Escherichia coli,Amikacin,527,91,17.4,11.9547,79.7963,0.174
2022,"JIPMER, Puducherry",Escherichia coli,Colistin,527,8,1.7,11.9547,79.7963,0.017
2022,"JIPMER, Puducherry",Klebsiella pneumoniae,Imipenem,563,258,46.0,11.9547,79.7963,0.46
2022,"JIPMER, Puducherry",Klebsiella pneumoniae,Meropenem,563,202,35.9,11.9547,79.7963,0.359
2022,"JIPMER, Puducherry",Klebsiella pneumoniae,Ceftriaxone,563,344,61.1,11.9547,79.7963,0.611
2022,"JIPMER, Puducherry",Klebsiella pneumoniae,Ciprofloxacin,563,288,51.3,11.9547,79.7963,0.513
2022,"JIPMER, Puducherry",Klebsiella pneumoniae,Amikacin,563,252,44.9,11.9547,79.7963,0.449
2022,"JIPMER, Puducherry",Klebsiella pneumoniae,Colistin,563,21,3.7,11.9547,79.7963,0.037000000000000005
2022,"JIPMER, Puducherry",Staphylococcus aureus,Penicillin,280,101,36.2,11.9547,79.7963,0.36200000000000004
2022,"JIPMER, Puducherry",Staphylococcus aureus,Ciprofloxacin,280,125,44.9,11.9547,79.7963,0.449
2022,"JIPMER, Puducherry",Staphylococcus aureus,Erythromycin,280,98,35.3,11.9547,79.7963,0.353
2022,"JIPMER, Puducherry",Staphylococcus aureus,Clindamycin,280,103,37.1,11.9547,79.7963,0.371
2022,"JIPMER, Puducherry",Staphylococcus aureus,Vancomycin,280,100,35.9,11.9547,79.7963,0.359
2022,"JIPMER, Puducherry",Staphylococcus aureus,Linezolid,280,89,31.8,11.9547,79.7963,0.318
2022,"JIPMER, Puducherry",Acinetobacter baumannii,Imipenem,582,281,48.5,11.9547,79.7963,0.485
2022,"JIPMER, Puducherry",Acinetobacter baumannii,Meropenem,582,231,39.8,11.9547,79.7963,0.39799999999999996
2022,"JIPMER, Puducherry",Acinetobacter baumannii,Ceftriaxone,582,362,62.3,11.9547,79.7963,0.623
2022,"JIPMER, Puducherry",Acinetobacter baumannii,Ciprofloxacin,582,282,48.5,11.9547,79.7963,0.485
2022,"JIPMER, Puducherry",Acinetobacter baumannii,Amikacin,582,240,41.4,11.9547,79.7963,0.414
2022,"JIPMER, Puducherry",Acinetobacter baumannii,Colistin,582,29,5.1,11.9547,79.7963,0.051
2022,"JIPMER, Puducherry",Pseudomonas aeruginosa,Imipenem,426,81,19.1,11.9547,79.7963,0.191
2022,"JIPMER, Puducherry",Pseudomonas aeruginosa,Meropenem,426,93,21.9,11.9547,79.7963,0.21899999999999997
2022,"JIPMER, Puducherry",Pseudomonas aeruginosa,Ceftriaxone,426,103,24.3,11.9547,79.7963,0.243
2022,"JIPMER, Puducherry",Pseudomonas aeruginosa,Ciprofloxacin,426,72,17.0,11.9547,79.7963,0.17
2022,"JIPMER, Puducherry",Pseudomonas aeruginosa,Amikacin,426,77,18.2,11.9547,79.7963,0.182
2022,"JIPMER, Puducherry",Pseudomonas aeruginosa,Colistin,426,7,1.7,11.9547,79.7963,0.017
2022,"Apollo Hospital, Chennai",Escherichia coli,Imipenem,257,39,15.2,13.0405,80.2505,0.152
2022,"Apollo Hospital, Chennai",Escherichia coli,Meropenem,257,46,18.1,13.0405,80.2505,0.18100000000000002
2022,"Apollo Hospital, Chennai",Escherichia coli,Ceftriaxone,257,62,24.1,13.0405,80.2505,0.24100000000000002
2022,"Apollo Hospital, Chennai",Escherichia coli,Ciprofloxacin,257,48,18.9,13.0405,80.2505,0.18899999999999997
2022,"Apollo Hospital, Chennai",Escherichia coli,Amikacin,257,42,16.3,13.0405,80.2505,0.163
2022,"Apollo Hospital, Chennai",Escherichia coli,Colistin,257,5,2.1,13.0405,80.2505,0.021
2022,"Apollo Hospital, Chennai",Klebsiella pneumoniae,Imipenem,935,404,43.3,13.0405,80.2505,0.433
2022,"Apollo Hospital, Chennai",Klebsiella pneumoniae,Meropenem,935,383,41.0,13.0405,80.2505,0.41
2022,"Apollo Hospital, Chennai",Klebsiella pneumoniae,Ceftriaxone,935,608,65.1,13.0405,80.2505,0.6509999999999999
2022,"Apollo Hospital, Chennai",Klebsiella pneumoniae,Ciprofloxacin,935,444,47.5,13.0405,80.2505,0.475
2022,"Apollo Hospital, Chennai",Klebsiella pneumoniae,Amikacin,935,464,49.7,13.0405,80.2505,0.49700000000000005
2022,"Apollo Hospital, Chennai",Klebsiella pneumoniae,Colistin,935,44,4.7,13.0405,80.2505,0.047
2022,"Apollo Hospital, Chennai",Staphylococcus aureus,Penicillin,654,197,30.2,13.0405,80.2505,0.302
2022,"Apollo Hospital, Chennai",Staphylococcus aureus,Ciprofloxacin,654,239,36.7,13.0405,80.2505,0.36700000000000005
2022,"Apollo Hospital, Chennai",Staphylococcus aureus,Erythromycin,654,241,36.9,13.0405,80.2505,0.369
2022,"Apollo Hospital, Chennai",Staphylococcus aureus,Clindamycin,654,253,38.8,13.0405,80.2505,0.38799999999999996
2022,"Apollo Hospital, Chennai",Staphylococcus aureus,Vancomycin,654,206,31.5,13.0405,80.2505,0.315
2022,"Apollo Hospital, Chennai",Staphylococcus aureus,Linezolid,654,204,31.2,13.0405,80.2505,0.312
2022,"Apollo Hospital, Chennai",Acinetobacter baumannii,Imipenem,780,372,47.8,13.0405,80.2505,0.478
2022,"Apollo Hospital, Chennai",Acinetobacter baumannii,Meropenem,780,393,50.5,13.0405,80.2505,0.505
2022,"Apollo Hospital, Chennai",Acinetobacter baumannii,Ceftriaxone,780,538,69.0,13.0405,80.2505,0.69
2022,"Apollo Hospital, Chennai",Acinetobacter baumannii,Ciprofloxacin,780,380,48.8,13.0405,80.2505,0.488
2022,"Apollo Hospital, Chennai",Acinetobacter baumannii,Amikacin,780,357,45.8,13.0405,80.2505,0.45799999999999996
2022,"Apollo Hospital, Chennai",Acinetobacter baumannii,Colistin,780,30,4.0,13.0405,80.2505,0.04
2022,"Apollo Hospital, Chennai",Pseudomonas aeruginosa,Imipenem,755,119,15.9,13.0405,80.2505,0.159
2022,"Apollo Hospital, Chennai",Pseudomonas aeruginosa,Meropenem,755,144,19.2,13.0405,80.2505,0.192
2022,"Apollo Hospital, Chennai",Pseudomonas aeruginosa,Ceftriaxone,755,183,24.4,13.0405,80.2505,0.244
2022,"Apollo Hospital, Chennai",Pseudomonas aeruginosa,Ciprofloxacin,755,146,19.4,13.0405,80.2505,0.19399999999999998
2022,"Apollo Hospital, Chennai",Pseudomonas aeruginosa,Amikacin,755,151,20.1,13.0405,80.2505,0.201
2022,"Apollo Hospital, Chennai",Pseudomonas aeruginosa,Colistin,755,12,1.7,13.0405,80.2505,0.017
2022,"Tata Memorial Hospital, Mumbai",Escherichia coli,Imipenem,781,127,16.3,18.9912,72.8258,0.163
2022,"Tata Memorial Hospital, Mumbai",Escherichia coli,Meropenem,781,156,20.0,18.9912,72.8258,0.2
2022,"Tata Memorial Hospital, Mumbai",Escherichia coli,Ceftriaxone,781,224,28.7,18.9912,72.8258,0.287
2022,"Tata Memorial Hospital, Mumbai",Escherichia coli,Ciprofloxacin,781,183,23.5,18.9912,72.8258,0.235
2022,"Tata Memorial Hospital, Mumbai",Escherichia coli,Amikacin,781,122,15.6,18.9912,72.8258,0.156
2022,"Tata Memorial Hospital, Mumbai",Escherichia coli,Colistin,781,15,1.9,18.9912,72.8258,0.019
2022,"Tata Memorial Hospital, Mumbai",Klebsiella pneumoniae,Imipenem,669,300,44.9,18.9912,72.8258,0.449
2022,"Tata Memorial Hospital, Mumbai",Klebsiella pneumoniae,Meropenem,669,313,46.9,18.9912,72.8258,0.469
2022,"Tata Memorial Hospital, Mumbai",Klebsiella pneumoniae,Ceftriaxone,669,445,66.5,18.9912,72.8258,0.665
2022,"Tata Memorial Hospital, Mumbai",Klebsiella pneumoniae,Ciprofloxacin,669,327,48.9,18.9912,72.8258,0.489
2022,"Tata Memorial Hospital, Mumbai",Klebsiella pneumoniae,Amikacin,669,340,50.9,18.9912,72.8258,0.509
2022,"Tata Memorial Hospital, Mumbai",Klebsiella pneumoniae,Colistin,669,26,3.9,18.9912,72.8258,0.039
2022,"Tata Memorial Hospital, Mumbai",Staphylococcus aureus,Penicillin,727,251,34.7,18.9912,72.8258,0.34700000000000003
2022,"Tata Memorial Hospital, Mumbai",Staphylococcus aureus,Ciprofloxacin,727,274,37.8,18.9912,72.8258,0.37799999999999995
2022,"Tata Memorial Hospital, Mumbai",Staphylococcus aureus,Erythromycin,727,334,46.0,18.9912,72.8258,0.46
2022,"Tata Memorial Hospital, Mumbai",Staphylococcus aureus,Clindamycin,727,260,35.9,18.9912,72.8258,0.359
2022,"Tata Memorial Hospital, Mumbai",Staphylococcus aureus,Vancomycin,727,261,36.0,18.9912,72.8258,0.36
2022,"Tata Memorial Hospital, Mumbai",Staphylococcus aureus,Linezolid,727,266,36.7,18.9912,72.8258,0.36700000000000005
2022,"Tata Memorial Hospital, Mumbai",Acinetobacter baumannii,Imipenem,444,206,46.5,18.9912,72.8258,0.465
2022,"Tata Memorial Hospital, Mumbai",Acinetobacter baumannii,Meropenem,444,209,47.3,18.9912,72.8258,0.473
2022,"Tata Memorial Hospital, Mumbai",Acinetobacter baumannii,Ceftriaxone,444,295,66.6,18.9912,72.8258,0.6659999999999999
2022,"Tata Memorial Hospital, Mumbai",Acinetobacter baumannii,Ciprofloxacin,444,206,46.5,18.9912,72.8258,0.465
2022,"Tata Memorial Hospital, Mumbai",Acinetobacter baumannii,Amikacin,444,242,54.5,18.9912,72.8258,0.545
2022,"Tata Memorial Hospital, Mumbai",Acinetobacter baumannii,Colistin,444,23,5.2,18.9912,72.8258,0.052000000000000005
2022,"Tata Memorial Hospital, Mumbai",Pseudomonas aeruginosa,Imipenem,953,167,17.6,18.9912,72.8258,0.17600000000000002
2022,"Tata Memorial Hospital, Mumbai",Pseudomonas aeruginosa,Meropenem,953,163,17.1,18.9912,72.8258,0.171
2022,"Tata Memorial Hospital, Mumbai",Pseudomonas aeruginosa,Ceftriaxone,953,241,25.4,18.9912,72.8258,0.254
2022,"Tata Memorial Hospital, Mumbai",Pseudomonas aeruginosa,Ciprofloxacin,953,157,16.5,18.9912,72.8258,0.165
2022,"Tata Memorial Hospital, Mumbai",Pseudomonas aeruginosa,Amikacin,953,131,13.8,18.9912,72.8258,0.138
2022,"Tata Memorial Hospital, Mumbai",Pseudomonas aeruginosa,Colistin,953,16,1.8,18.9912,72.8258,0.018000000000000002
2022,"Kaling Institute, Bhubaneswar",Escherichia coli,Imipenem,797,152,19.1,20.3546,85.8198,0.191
2022,"Kaling Institute, Bhubaneswar",Escherichia coli,Meropenem,797,127,16.1,20.3546,85.8198,0.161
2022,"Kaling Institute, Bhubaneswar",Escherichia coli,Ceftriaxone,797,187,23.5,20.3546,85.8198,0.235
2022,"Kaling Institute, Bhubaneswar",Escherichia coli,Ciprofloxacin,797,132,16.6,20.3546,85.8198,0.166
2022,"Kaling Institute, Bhubaneswar",Escherichia coli,Amikacin,797,128,16.2,20.3546,85.8198,0.162
2022,"Kaling Institute, Bhubaneswar",Escherichia coli,Colistin,797,12,1.6,20.3546,85.8198,0.016
2022,"Kaling Institute, Bhubaneswar",Klebsiella pneumoniae,Imipenem,800,375,46.9,20.3546,85.8198,0.469
2022,"Kaling Institute, Bhubaneswar",Klebsiella pneumoniae,Meropenem,800,333,41.7,20.3546,85.8198,0.41700000000000004
2022,"Kaling Institute, Bhubaneswar",Klebsiella pneumoniae,Ceftriaxone,800,442,55.3,20.3546,85.8198,0.5529999999999999
2022,"Kaling Institute, Bhubaneswar",Klebsiella pneumoniae,Ciprofloxacin,800,376,47.1,20.3546,85.8198,0.47100000000000003
2022,"Kaling Institute, Bhubaneswar",Klebsiella pneumoniae,Amikacin,800,304,38.0,20.3546,85.8198,0.38
2022,"Kaling Institute, Bhubaneswar",Klebsiella pneumoniae,Colistin,800,34,4.3,20.3546,85.8198,0.043
2022,"Kaling Institute, Bhubaneswar",Staphylococcus aureus,Penicillin,640,203,31.7,20.3546,85.8198,0.317
2022,"Kaling Institute, Bhubaneswar",Staphylococcus aureus,Ciprofloxacin,640,241,37.8,20.3546,85.8198,0.37799999999999995
2022,"Kaling Institute, Bhubaneswar",Staphylococcus aureus,Erythromycin,640,226,35.4,20.3546,85.8198,0.354
2022,"Kaling Institute, Bhubaneswar",Staphylococcus aureus,Clindamycin,640,214,33.5,20.3546,85.8198,0.335
2022,"Kaling Institute, Bhubaneswar",Staphylococcus aureus,Vancomycin,640,231,36.2,20.3546,85.8198,0.36200000000000004
2022,"Kaling Institute, Bhubaneswar",Staphylococcus aureus,Linezolid,640,220,34.5,20.3546,85.8198,0.345
2022,"Kaling Institute, Bhubaneswar",Acinetobacter baumannii,Imipenem,522,206,39.6,20.3546,85.8198,0.396
2022,"Kaling Institute, Bhubaneswar",Acinetobacter baumannii,Meropenem,522,263,50.4,20.3546,85.8198,0.504
2022,"Kaling Institute, Bhubaneswar",Acinetobacter baumannii,Ceftriaxone,522,357,68.5,20.3546,85.8198,0.685
2022,"Kaling Institute, Bhubaneswar",Acinetobacter baumannii,Ciprofloxacin,522,238,45.6,20.3546,85.8198,0.456
2022,"Kaling Institute, Bhubaneswar",Acinetobacter baumannii,Amikacin,522,243,46.6,20.3546,85.8198,0.466
2022,"Kaling Institute, Bhubaneswar",Acinetobacter baumannii,Colistin,522,19,3.7,20.3546,85.8198,0.037000000000000005
2022,"Kaling Institute, Bhubaneswar",Pseudomonas aeruginosa,Imipenem,447,76,17.0,20.3546,85.8198,0.17
2022,"Kaling Institute, Bhubaneswar",Pseudomonas aeruginosa,Meropenem,447,86,19.4,20.3546,85.8198,0.19399999999999998
2022,"Kaling Institute, Bhubaneswar",Pseudomonas aeruginosa,Ceftriaxone,447,120,26.9,20.3546,85.8198,0.26899999999999996
2022,"Kaling Institute, Bhubaneswar",Pseudomonas aeruginosa,Ciprofloxacin,447,84,18.9,20.3546,85.8198,0.18899999999999997
2022,"Kaling Institute, Bhubaneswar",Pseudomonas aeruginosa,Amikacin,447,77,17.3,20.3546,85.8198,0.17300000000000001
2022,"Kaling Institute, Bhubaneswar",Pseudomonas aeruginosa,Colistin,447,8,1.9,20.3546,85.8198,0.019
2022,"Amrita Institute, Kochi",Escherichia coli,Imipenem,169,30,17.8,10.0326,76.2829,0.17800000000000002
2022,"Amrita Institute, Kochi",Escherichia coli,Meropenem,169,28,17.1,10.0326,76.2829,0.171
2022,"Amrita Institute, Kochi",Escherichia coli,Ceftriaxone,169,52,31.3,10.0326,76.2829,0.313
2022,"Amrita Institute, Kochi",Escherichia coli,Ciprofloxacin,169,29,17.2,10.0326,76.2829,0.172
2022,"Amrita Institute, Kochi",Escherichia coli,Amikacin,169,28,16.7,10.0326,76.2829,0.16699999999999998
2022,"Amrita Institute, Kochi",Escherichia coli,Colistin,169,2,1.7,10.0326,76.2829,0.017
2022,"Amrita Institute, Kochi",Klebsiella pneumoniae,Imipenem,67,35,53.0,10.0326,76.2829,0.53
2022,"Amrita Institute, Kochi",Klebsiella pneumoniae,Meropenem,67,28,42.0,10.0326,76.2829,0.42
2022,"Amrita Institute, Kochi",Klebsiella pneumoniae,Ceftriaxone,67,38,57.0,10.0326,76.2829,0.57
2022,"Amrita Institute, Kochi",Klebsiella pneumoniae,Ciprofloxacin,67,29,43.5,10.0326,76.2829,0.435
2022,"Amrita Institute, Kochi",Klebsiella pneumoniae,Amikacin,67,30,45.8,10.0326,76.2829,0.45799999999999996
2022,"Amrita Institute, Kochi",Klebsiella pneumoniae,Colistin,67,3,4.8,10.0326,76.2829,0.048
2022,"Amrita Institute, Kochi",Staphylococcus aureus,Penicillin,139,46,33.2,10.0326,76.2829,0.332
2022,"Amrita Institute, Kochi",Staphylococcus aureus,Ciprofloxacin,139,59,42.9,10.0326,76.2829,0.429
2022,"Amrita Institute, Kochi",Staphylococcus aureus,Erythromycin,139,44,31.7,10.0326,76.2829,0.317
2022,"Amrita Institute, Kochi",Staphylococcus aureus,Clindamycin,139,51,36.8,10.0326,76.2829,0.368
2022,"Amrita Institute, Kochi",Staphylococcus aureus,Vancomycin,139,48,34.8,10.0326,76.2829,0.348
2022,"Amrita Institute, Kochi",Staphylococcus aureus,Linezolid,139,45,33.1,10.0326,76.2829,0.331
2022,"Amrita Institute, Kochi",Acinetobacter baumannii,Imipenem,69,30,43.7,10.0326,76.2829,0.43700000000000006
2022,"Amrita Institute, Kochi",Acinetobacter baumannii,Meropenem,69,29,42.3,10.0326,76.2829,0.423
2022,"Amrita Institute, Kochi",Acinetobacter baumannii,Ceftriaxone,69,44,63.8,10.0326,76.2829,0.638
2022,"Amrita Institute, Kochi",Acinetobacter baumannii,Ciprofloxacin,69,34,49.9,10.0326,76.2829,0.499
2022,"Amrita Institute, Kochi",Acinetobacter baumannii,Amikacin,69,37,54.5,10.0326,76.2829,0.545
2022,"Amrita Institute, Kochi",Acinetobacter baumannii,Colistin,69,2,4.3,10.0326,76.2829,0.043
2022,"Amrita Institute, Kochi",Pseudomonas aeruginosa,Imipenem,62,11,18.0,10.0326,76.2829,0.18
2022,"Amrita Institute, Kochi",Pseudomonas aeruginosa,Meropenem,62,12,19.4,10.0326,76.2829,0.19399999999999998
2022,"Amrita Institute, Kochi",Pseudomonas aeruginosa,Ceftriaxone,62,19,32.2,10.0326,76.2829,0.322
2022,"Amrita Institute, Kochi",Pseudomonas aeruginosa,Ciprofloxacin,62,11,18.7,10.0326,76.2829,0.187
2022,"Amrita Institute, Kochi",Pseudomonas aeruginosa,Amikacin,62,11,19.0,10.0326,76.2829,0.19
2022,"Amrita Institute, Kochi",Pseudomonas aeruginosa,Colistin,62,1,1.8,10.0326,76.2829,0.018000000000000002
2022,"Sams Hospital, Hyderabad",Escherichia coli,Imipenem,302,57,19.2,17.385,78.4867,0.192
2022,"Sams Hospital, Hyderabad",Escherichia coli,Meropenem,302,55,18.2,17.385,78.4867,0.182
2022,"Sams Hospital, Hyderabad",Escherichia coli,Ceftriaxone,302,66,21.9,17.385,78.4867,0.21899999999999997
2022,"Sams Hospital, Hyderabad",Escherichia coli,Ciprofloxacin,302,61,20.3,17.385,78.4867,0.203
2022,"Sams Hospital, Hyderabad",Escherichia coli,Amikacin,302,51,16.9,17.385,78.4867,0.16899999999999998
2022,"Sams Hospital, Hyderabad",Escherichia coli,Colistin,302,6,2.2,17.385,78.4867,0.022000000000000002
2022,"Sams Hospital, Hyderabad",Klebsiella pneumoniae,Imipenem,739,327,44.3,17.385,78.4867,0.44299999999999995
2022,"Sams Hospital, Hyderabad",Klebsiella pneumoniae,Meropenem,739,352,47.6,17.385,78.4867,0.47600000000000003
2022,"Sams Hospital, Hyderabad",Klebsiella pneumoniae,Ceftriaxone,739,512,69.4,17.385,78.4867,0.6940000000000001
2022,"Sams Hospital, Hyderabad",Klebsiella pneumoniae,Ciprofloxacin,739,311,42.2,17.385,78.4867,0.42200000000000004
2022,"Sams Hospital, Hyderabad",Klebsiella pneumoniae,Amikacin,739,325,44.1,17.385,78.4867,0.441
2022,"Sams Hospital, Hyderabad",Klebsiella pneumoniae,Colistin,739,31,4.3,17.385,78.4867,0.043
2022,"Sams Hospital, Hyderabad",Staphylococcus aureus,Penicillin,991,334,33.8,17.385,78.4867,0.33799999999999997
2022,"Sams Hospital, Hyderabad",Staphylococcus aureus,Ciprofloxacin,991,344,34.7,17.385,78.4867,0.34700000000000003
2022,"Sams Hospital, Hyderabad",Staphylococcus aureus,Erythromycin,991,390,39.4,17.385,78.4867,0.39399999999999996
2022,"Sams Hospital, Hyderabad",Staphylococcus aureus,Clindamycin,991,408,41.2,17.385,78.4867,0.41200000000000003
2022,"Sams Hospital, Hyderabad",Staphylococcus aureus,Vancomycin,991,369,37.3,17.385,78.4867,0.373
2022,"Sams Hospital, Hyderabad",Staphylococcus aureus,Linezolid,991,377,38.1,17.385,78.4867,0.381
2022,"Sams Hospital, Hyderabad",Acinetobacter baumannii,Imipenem,956,394,41.3,17.385,78.4867,0.413
2022,"Sams Hospital, Hyderabad",Acinetobacter baumannii,Meropenem,956,406,42.5,17.385,78.4867,0.425
2022,"Sams Hospital, Hyderabad",Acinetobacter baumannii,Ceftriaxone,956,693,72.5,17.385,78.4867,0.725
2022,"Sams Hospital, Hyderabad",Acinetobacter baumannii,Ciprofloxacin,956,456,47.7,17.385,78.4867,0.47700000000000004
2022,"Sams Hospital, Hyderabad",Acinetobacter baumannii,Amikacin,956,429,44.9,17.385,78.4867,0.449
2022,"Sams Hospital, Hyderabad",Acinetobacter baumannii,Colistin,956,43,4.6,17.385,78.4867,0.046
2022,"Sams Hospital, Hyderabad",Pseudomonas aeruginosa,Imipenem,593,99,16.8,17.385,78.4867,0.168
2022,"Sams Hospital, Hyderabad",Pseudomonas aeruginosa,Meropenem,593,119,20.1,17.385,78.4867,0.201
2022,"Sams Hospital, Hyderabad",Pseudomonas aeruginosa,Ceftriaxone,593,184,31.2,17.385,78.4867,0.312
2022,"Sams Hospital, Hyderabad",Pseudomonas aeruginosa,Ciprofloxacin,593,102,17.2,17.385,78.4867,0.172
2022,"Sams Hospital, Hyderabad",Pseudomonas aeruginosa,Amikacin,593,102,17.3,17.385,78.4867,0.17300000000000001
2022,"Sams Hospital, Hyderabad",Pseudomonas aeruginosa,Colistin,593,10,1.8,17.385,78.4867,0.018000000000000002
2022,"King George Medical Univ, Lucknow",Escherichia coli,Imipenem,467,84,18.1,26.8687,80.9157,0.18100000000000002
2022,"King George Medical Univ, Lucknow",Escherichia coli,Meropenem,467,111,23.8,26.8687,80.9157,0.23800000000000002
2022,"King George Medical Univ, Lucknow",Escherichia coli,Ceftriaxone,467,158,33.9,26.8687,80.9157,0.33899999999999997
2022,"King George Medical Univ, Lucknow",Escherichia coli,Ciprofloxacin,467,108,23.3,26.8687,80.9157,0.233
2022,"King George Medical Univ, Lucknow",Escherichia coli,Amikacin,467,107,23.0,26.8687,80.9157,0.23
2022,"King George Medical Univ, Lucknow",Escherichia coli,Colistin,467,12,2.6,26.8687,80.9157,0.026000000000000002
2022,"King George Medical Univ, Lucknow",Klebsiella pneumoniae,Imipenem,695,408,58.8,26.8687,80.9157,0.588
2022,"King George Medical Univ, Lucknow",Klebsiella pneumoniae,Meropenem,695,501,72.1,26.8687,80.9157,0.721
2022,"King George Medical Univ, Lucknow",Klebsiella pneumoniae,Ceftriaxone,695,572,82.3,26.8687,80.9157,0.823
2022,"King George Medical Univ, Lucknow",Klebsiella pneumoniae,Ciprofloxacin,695,416,59.9,26.8687,80.9157,0.599
2022,"King George Medical Univ, Lucknow",Klebsiella pneumoniae,Amikacin,695,425,61.2,26.8687,80.9157,0.612
2022,"King George Medical Univ, Lucknow",Klebsiella pneumoniae,Colistin,695,38,5.5,26.8687,80.9157,0.055
2022,"King George Medical Univ, Lucknow",Staphylococcus aureus,Penicillin,477,221,46.4,26.8687,80.9157,0.46399999999999997
2022,"King George Medical Univ, Lucknow",Staphylococcus aureus,Ciprofloxacin,477,234,49.2,26.8687,80.9157,0.49200000000000005
2022,"King George Medical Univ, Lucknow",Staphylococcus aureus,Erythromycin,477,236,49.6,26.8687,80.9157,0.496
2022,"King George Medical Univ, Lucknow",Staphylococcus aureus,Clindamycin,477,267,56.0,26.8687,80.9157,0.56
2022,"King George Medical Univ, Lucknow",Staphylococcus aureus,Vancomycin,477,249,52.3,26.8687,80.9157,0.523
2022,"King George Medical Univ, Lucknow",Staphylococcus aureus,Linezolid,477,240,50.4,26.8687,80.9157,0.504
2022,"King George Medical Univ, Lucknow",Acinetobacter baumannii,Imipenem,646,377,58.4,26.8687,80.9157,0.584
2022,"King George Medical Univ, Lucknow",Acinetobacter baumannii,Meropenem,646,433,67.1,26.8687,80.9157,0.6709999999999999
2022,"King George Medical Univ, Lucknow",Acinetobacter baumannii,Ceftriaxone,646,552,85.5,26.8687,80.9157,0.855
2022,"King George Medical Univ, Lucknow",Acinetobacter baumannii,Ciprofloxacin,646,335,51.9,26.8687,80.9157,0.519
2022,"King George Medical Univ, Lucknow",Acinetobacter baumannii,Amikacin,646,326,50.5,26.8687,80.9157,0.505
2022,"King George Medical Univ, Lucknow",Acinetobacter baumannii,Colistin,646,39,6.0,26.8687,80.9157,0.06
2022,"King George Medical Univ, Lucknow",Pseudomonas aeruginosa,Imipenem,492,121,24.7,26.8687,80.9157,0.247
2022,"King George Medical Univ, Lucknow",Pseudomonas aeruginosa,Meropenem,492,115,23.6,26.8687,80.9157,0.23600000000000002
2022,"King George Medical Univ, Lucknow",Pseudomonas aeruginosa,Ceftriaxone,492,146,29.7,26.8687,80.9157,0.297
2022,"King George Medical Univ, Lucknow",Pseudomonas aeruginosa,Ciprofloxacin,492,130,26.6,26.8687,80.9157,0.266
2022,"King George Medical Univ, Lucknow",Pseudomonas aeruginosa,Amikacin,492,116,23.6,26.8687,80.9157,0.23600000000000002
2022,"King George Medical Univ, Lucknow",Pseudomonas aeruginosa,Colistin,492,14,2.8,26.8687,80.9157,0.027999999999999997
2022,"IPGMER, Kolkata",Escherichia coli,Imipenem,531,88,16.6,22.5298,88.3442,0.166
2022,"IPGMER, Kolkata",Escherichia coli,Meropenem,531,84,15.9,22.5298,88.3442,0.159
2022,"IPGMER, Kolkata",Escherichia coli,Ceftriaxone,531,120,22.7,22.5298,88.3442,0.22699999999999998
2022,"IPGMER, Kolkata",Escherichia coli,Ciprofloxacin,531,91,17.2,22.5298,88.3442,0.172
2022,"IPGMER, Kolkata",Escherichia coli,Amikacin,531,109,20.6,22.5298,88.3442,0.20600000000000002
2022,"IPGMER, Kolkata",Escherichia coli,Colistin,531,7,1.5,22.5298,88.3442,0.015
2022,"IPGMER, Kolkata",Klebsiella pneumoniae,Imipenem,549,263,47.9,22.5298,88.3442,0.479
2022,"IPGMER, Kolkata",Klebsiella pneumoniae,Meropenem,549,260,47.4,22.5298,88.3442,0.474
2022,"IPGMER, Kolkata",Klebsiella pneumoniae,Ceftriaxone,549,401,73.2,22.5298,88.3442,0.732
2022,"IPGMER, Kolkata",Klebsiella pneumoniae,Ciprofloxacin,549,275,50.1,22.5298,88.3442,0.501
2022,"IPGMER, Kolkata",Klebsiella pneumoniae,Amikacin,549,233,42.6,22.5298,88.3442,0.426
2022,"IPGMER, Kolkata",Klebsiella pneumoniae,Colistin,549,21,3.9,22.5298,88.3442,0.039
2022,"IPGMER, Kolkata",Staphylococcus aureus,Penicillin,414,149,36.2,22.5298,88.3442,0.36200000000000004
2022,"IPGMER, Kolkata",Staphylococcus aureus,Ciprofloxacin,414,136,33.0,22.5298,88.3442,0.33
2022,"IPGMER, Kolkata",Staphylococcus aureus,Erythromycin,414,169,40.9,22.5298,88.3442,0.409
2022,"IPGMER, Kolkata",Staphylococcus aureus,Clindamycin,414,144,35.0,22.5298,88.3442,0.35
2022,"IPGMER, Kolkata",Staphylococcus aureus,Vancomycin,414,149,36.2,22.5298,88.3442,0.36200000000000004
2022,"IPGMER, Kolkata",Staphylococcus aureus,Linezolid,414,154,37.4,22.5298,88.3442,0.374
2022,"IPGMER, Kolkata",Acinetobacter baumannii,Imipenem,335,148,44.2,22.5298,88.3442,0.442
2022,"IPGMER, Kolkata",Acinetobacter baumannii,Meropenem,335,155,46.3,22.5298,88.3442,0.46299999999999997
2022,"IPGMER, Kolkata",Acinetobacter baumannii,Ceftriaxone,335,215,64.3,22.5298,88.3442,0.643
2022,"IPGMER, Kolkata",Acinetobacter baumannii,Ciprofloxacin,335,154,46.0,22.5298,88.3442,0.46
2022,"IPGMER, Kolkata",Acinetobacter baumannii,Amikacin,335,143,42.9,22.5298,88.3442,0.429
2022,"IPGMER, Kolkata",Acinetobacter baumannii,Colistin,335,14,4.2,22.5298,88.3442,0.042
2022,"IPGMER, Kolkata",Pseudomonas aeruginosa,Imipenem,321,66,20.6,22.5298,88.3442,0.20600000000000002
2022,"IPGMER, Kolkata",Pseudomonas aeruginosa,Meropenem,321,53,16.7,22.5298,88.3442,0.16699999999999998
2022,"IPGMER, Kolkata",Pseudomonas aeruginosa,Ceftriaxone,321,85,26.6,22.5298,88.3442,0.266
2022,"IPGMER, Kolkata",Pseudomonas aeruginosa,Ciprofloxacin,321,54,16.9,22.5298,88.3442,0.16899999999999998
2022,"IPGMER, Kolkata",Pseudomonas aeruginosa,Amikacin,321,55,17.4,22.5298,88.3442,0.174
2022,"IPGMER, Kolkata",Pseudomonas aeruginosa,Colistin,321,5,1.7,22.5298,88.3442,0.017
2022,"SMS Hospital, Jaipur",Escherichia coli,Imipenem,257,48,18.9,26.9066,75.8173,0.18899999999999997
2022,"SMS Hospital, Jaipur",Escherichia coli,Meropenem,257,58,22.7,26.9066,75.8173,0.22699999999999998
2022,"SMS Hospital, Jaipur",Escherichia coli,Ceftriaxone,257,85,33.3,26.9066,75.8173,0.33299999999999996
2022,"SMS Hospital, Jaipur",Escherichia coli,Ciprofloxacin,257,62,24.4,26.9066,75.8173,0.244
2022,"SMS Hospital, Jaipur",Escherichia coli,Amikacin,257,63,24.8,26.9066,75.8173,0.248
2022,"SMS Hospital, Jaipur",Escherichia coli,Colistin,257,7,2.9,26.9066,75.8173,0.028999999999999998
2022,"SMS Hospital, Jaipur",Klebsiella pneumoniae,Imipenem,317,201,63.4,26.9066,75.8173,0.634
2022,"SMS Hospital, Jaipur",Klebsiella pneumoniae,Meropenem,317,208,65.8,26.9066,75.8173,0.6579999999999999
2022,"SMS Hospital, Jaipur",Klebsiella pneumoniae,Ceftriaxone,317,306,96.7,26.9066,75.8173,0.9670000000000001
2022,"SMS Hospital, Jaipur",Klebsiella pneumoniae,Ciprofloxacin,317,218,68.9,26.9066,75.8173,0.6890000000000001
2022,"SMS Hospital, Jaipur",Klebsiella pneumoniae,Amikacin,317,203,64.2,26.9066,75.8173,0.642
2022,"SMS Hospital, Jaipur",Klebsiella pneumoniae,Colistin,317,18,5.9,26.9066,75.8173,0.059000000000000004
2022,"SMS Hospital, Jaipur",Staphylococcus aureus,Penicillin,591,317,53.7,26.9066,75.8173,0.537
2022,"SMS Hospital, Jaipur",Staphylococcus aureus,Ciprofloxacin,591,270,45.7,26.9066,75.8173,0.457
2022,"SMS Hospital, Jaipur",Staphylococcus aureus,Erythromycin,591,235,39.8,26.9066,75.8173,0.39799999999999996
2022,"SMS Hospital, Jaipur",Staphylococcus aureus,Clindamycin,591,322,54.5,26.9066,75.8173,0.545
2022,"SMS Hospital, Jaipur",Staphylococcus aureus,Vancomycin,591,280,47.5,26.9066,75.8173,0.475
2022,"SMS Hospital, Jaipur",Staphylococcus aureus,Linezolid,591,318,53.9,26.9066,75.8173,0.539
2022,"SMS Hospital, Jaipur",Acinetobacter baumannii,Imipenem,369,218,59.3,26.9066,75.8173,0.593
2022,"SMS Hospital, Jaipur",Acinetobacter baumannii,Meropenem,369,220,59.7,26.9066,75.8173,0.597
2022,"SMS Hospital, Jaipur",Acinetobacter baumannii,Ceftriaxone,369,340,92.3,26.9066,75.8173,0.9229999999999999
2022,"SMS Hospital, Jaipur",Acinetobacter baumannii,Ciprofloxacin,369,228,61.8,26.9066,75.8173,0.618
2022,"SMS Hospital, Jaipur",Acinetobacter baumannii,Amikacin,369,254,69.1,26.9066,75.8173,0.691
2022,"SMS Hospital, Jaipur",Acinetobacter baumannii,Colistin,369,22,6.2,26.9066,75.8173,0.062
2022,"SMS Hospital, Jaipur",Pseudomonas aeruginosa,Imipenem,630,144,22.9,26.9066,75.8173,0.22899999999999998
2022,"SMS Hospital, Jaipur",Pseudomonas aeruginosa,Meropenem,630,160,25.5,26.9066,75.8173,0.255
2022,"SMS Hospital, Jaipur",Pseudomonas aeruginosa,Ceftriaxone,630,202,32.2,26.9066,75.8173,0.322
2022,"SMS Hospital, Jaipur",Pseudomonas aeruginosa,Ciprofloxacin,630,149,23.7,26.9066,75.8173,0.237
2022,"SMS Hospital, Jaipur",Pseudomonas aeruginosa,Amikacin,630,153,24.3,26.9066,75.8173,0.243
2022,"SMS Hospital, Jaipur",Pseudomonas aeruginosa,Colistin,630,15,2.5,26.9066,75.8173,0.025
2022,"RIMS, Ranchi",Escherichia coli,Imipenem,715,83,11.7,23.3644,85.34,0.11699999999999999
2022,"RIMS, Ranchi",Escherichia coli,Meropenem,715,125,17.5,23.3644,85.34,0.175
2022,"RIMS, Ranchi",Escherichia coli,Ceftriaxone,715,183,25.6,23.3644,85.34,0.256
2022,"RIMS, Ranchi",Escherichia coli,Ciprofloxacin,715,140,19.6,23.3644,85.34,0.196
2022,"RIMS, Ranchi",Escherichia coli,Amikacin,715,121,17.0,23.3644,85.34,0.17
2022,"RIMS, Ranchi",Escherichia coli,Colistin,715,16,2.3,23.3644,85.34,0.023
2022,"RIMS, Ranchi",Klebsiella pneumoniae,Imipenem,445,212,47.7,23.3644,85.34,0.47700000000000004
2022,"RIMS, Ranchi",Klebsiella pneumoniae,Meropenem,445,224,50.5,23.3644,85.34,0.505
2022,"RIMS, Ranchi",Klebsiella pneumoniae,Ceftriaxone,445,306,68.9,23.3644,85.34,0.6890000000000001
2022,"RIMS, Ranchi",Klebsiella pneumoniae,Ciprofloxacin,445,201,45.2,23.3644,85.34,0.452
2022,"RIMS, Ranchi",Klebsiella pneumoniae,Amikacin,445,232,52.2,23.3644,85.34,0.522
2022,"RIMS, Ranchi",Klebsiella pneumoniae,Colistin,445,22,5.1,23.3644,85.34,0.051
2022,"RIMS, Ranchi",Staphylococcus aureus,Penicillin,524,193,36.9,23.3644,85.34,0.369
2022,"RIMS, Ranchi",Staphylococcus aureus,Ciprofloxacin,524,180,34.4,23.3644,85.34,0.344
2022,"RIMS, Ranchi",Staphylococcus aureus,Erythromycin,524,150,28.7,23.3644,85.34,0.287
2022,"RIMS, Ranchi",Staphylococcus aureus,Clindamycin,524,225,43.1,23.3644,85.34,0.431
2022,"RIMS, Ranchi",Staphylococcus aureus,Vancomycin,524,183,35.1,23.3644,85.34,0.35100000000000003
2022,"RIMS, Ranchi",Staphylococcus aureus,Linezolid,524,198,37.9,23.3644,85.34,0.379
2022,"RIMS, Ranchi",Acinetobacter baumannii,Imipenem,506,249,49.4,23.3644,85.34,0.494
2022,"RIMS, Ranchi",Acinetobacter baumannii,Meropenem,506,242,47.9,23.3644,85.34,0.479
2022,"RIMS, Ranchi",Acinetobacter baumannii,Ceftriaxone,506,382,75.7,23.3644,85.34,0.757
2022,"RIMS, Ranchi",Acinetobacter baumannii,Ciprofloxacin,506,224,44.4,23.3644,85.34,0.444
2022,"RIMS, Ranchi",Acinetobacter baumannii,Amikacin,506,230,45.6,23.3644,85.34,0.456
2022,"RIMS, Ranchi",Acinetobacter baumannii,Colistin,506,21,4.3,23.3644,85.34,0.043
2022,"RIMS, Ranchi",Pseudomonas aeruginosa,Imipenem,402,75,18.7,23.3644,85.34,0.187
2022,"RIMS, Ranchi",Pseudomonas aeruginosa,Meropenem,402,62,15.5,23.3644,85.34,0.155
2022,"RIMS, Ranchi",Pseudomonas aeruginosa,Ceftriaxone,402,113,28.3,23.3644,85.34,0.28300000000000003
2022,"RIMS, Ranchi",Pseudomonas aeruginosa,Ciprofloxacin,402,57,14.3,23.3644,85.34,0.14300000000000002
2022,"RIMS, Ranchi",Pseudomonas aeruginosa,Amikacin,402,89,22.2,23.3644,85.34,0.222
2022,"RIMS, Ranchi",Pseudomonas aeruginosa,Colistin,402,6,1.6,23.3644,85.34,0.016
2022,"GMCH, Guwahati",Escherichia coli,Imipenem,353,56,16.0,26.1528,91.7709,0.16
2022,"GMCH, Guwahati",Escherichia coli,Meropenem,353,66,18.9,26.1528,91.7709,0.18899999999999997
2022,"GMCH, Guwahati",Escherichia coli,Ceftriaxone,353,102,29.0,26.1528,91.7709,0.29
2022,"GMCH, Guwahati",Escherichia coli,Ciprofloxacin,353,61,17.5,26.1528,91.7709,0.175
2022,"GMCH, Guwahati",Escherichia coli,Amikacin,353,76,21.7,26.1528,91.7709,0.217
2022,"GMCH, Guwahati",Escherichia coli,Colistin,353,6,1.7,26.1528,91.7709,0.017
2022,"GMCH, Guwahati",Klebsiella pneumoniae,Imipenem,378,161,42.6,26.1528,91.7709,0.426
2022,"GMCH, Guwahati",Klebsiella pneumoniae,Meropenem,378,156,41.4,26.1528,91.7709,0.414
2022,"GMCH, Guwahati",Klebsiella pneumoniae,Ceftriaxone,378,252,66.8,26.1528,91.7709,0.6679999999999999
2022,"GMCH, Guwahati",Klebsiella pneumoniae,Ciprofloxacin,378,152,40.3,26.1528,91.7709,0.40299999999999997
2022,"GMCH, Guwahati",Klebsiella pneumoniae,Amikacin,378,160,42.5,26.1528,91.7709,0.425
2022,"GMCH, Guwahati",Klebsiella pneumoniae,Colistin,378,14,4.0,26.1528,91.7709,0.04
2022,"GMCH, Guwahati",Staphylococcus aureus,Penicillin,626,223,35.6,26.1528,91.7709,0.35600000000000004
2022,"GMCH, Guwahati",Staphylococcus aureus,Ciprofloxacin,626,226,36.2,26.1528,91.7709,0.36200000000000004
2022,"GMCH, Guwahati",Staphylococcus aureus,Erythromycin,626,236,37.9,26.1528,91.7709,0.379
2022,"GMCH, Guwahati",Staphylococcus aureus,Clindamycin,626,252,40.3,26.1528,91.7709,0.40299999999999997
2022,"GMCH, Guwahati",Staphylococcus aureus,Vancomycin,626,244,39.1,26.1528,91.7709,0.391
2022,"GMCH, Guwahati",Staphylococcus aureus,Linezolid,626,211,33.8,26.1528,91.7709,0.33799999999999997
2022,"GMCH, Guwahati",Acinetobacter baumannii,Imipenem,809,344,42.6,26.1528,91.7709,0.426
2022,"GMCH, Guwahati",Acinetobacter baumannii,Meropenem,809,343,42.4,26.1528,91.7709,0.424
2022,"GMCH, Guwahati",Acinetobacter baumannii,Ceftriaxone,809,531,65.6,26.1528,91.7709,0.6559999999999999
2022,"GMCH, Guwahati",Acinetobacter baumannii,Ciprofloxacin,809,280,34.6,26.1528,91.7709,0.34600000000000003
2022,"GMCH, Guwahati",Acinetobacter baumannii,Amikacin,809,308,38.2,26.1528,91.7709,0.382
2022,"GMCH, Guwahati",Acinetobacter baumannii,Colistin,809,41,5.1,26.1528,91.7709,0.051
2022,"GMCH, Guwahati",Pseudomonas aeruginosa,Imipenem,595,116,19.5,26.1528,91.7709,0.195
2022,"GMCH, Guwahati",Pseudomonas aeruginosa,Meropenem,595,96,16.2,26.1528,91.7709,0.162
2022,"GMCH, Guwahati",Pseudomonas aeruginosa,Ceftriaxone,595,161,27.1,26.1528,91.7709,0.271
2022,"GMCH, Guwahati",Pseudomonas aeruginosa,Ciprofloxacin,595,117,19.7,26.1528,91.7709,0.19699999999999998
2022,"GMCH, Guwahati",Pseudomonas aeruginosa,Amikacin,595,96,16.2,26.1528,91.7709,0.162
2022,"GMCH, Guwahati",Pseudomonas aeruginosa,Colistin,595,10,1.8,26.1528,91.7709,0.018000000000000002
2023,"AIIMS, New Delhi",Escherichia coli,Imipenem,415,92,22.2,28.5672,77.21,0.222
2023,"AIIMS, New Delhi",Escherichia coli,Meropenem,415,85,20.6,28.5672,77.21,0.20600000000000002
2023,"AIIMS, New Delhi",Escherichia coli,Ceftriaxone,415,139,33.7,28.5672,77.21,0.337
2023,"AIIMS, New Delhi",Escherichia coli,Ciprofloxacin,415,88,21.4,28.5672,77.21,0.214
2023,"AIIMS, New Delhi",Escherichia coli,Amikacin,415,116,28.0,28.5672,77.21,0.28
2023,"AIIMS, New Delhi",Escherichia coli,Colistin,415,10,2.6,28.5672,77.21,0.026000000000000002
2023,"AIIMS, New Delhi",Klebsiella pneumoniae,Imipenem,810,443,54.8,28.5672,77.21,0.5479999999999999
2023,"AIIMS, New Delhi",Klebsiella pneumoniae,Meropenem,810,485,60.0,28.5672,77.21,0.6
2023,"AIIMS, New Delhi",Klebsiella pneumoniae,Ceftriaxone,810,793,98.0,28.5672,77.21,0.98
2023,"AIIMS, New Delhi",Klebsiella pneumoniae,Ciprofloxacin,810,535,66.1,28.5672,77.21,0.6609999999999999
2023,"AIIMS, New Delhi",Klebsiella pneumoniae,Amikacin,810,464,57.4,28.5672,77.21,0.574
2023,"AIIMS, New Delhi",Klebsiella pneumoniae,Colistin,810,56,6.9,28.5672,77.21,0.069
2023,"AIIMS, New Delhi",Staphylococcus aureus,Penicillin,332,145,43.8,28.5672,77.21,0.43799999999999994
2023,"AIIMS, New Delhi",Staphylococcus aureus,Ciprofloxacin,332,137,41.4,28.5672,77.21,0.414
2023,"AIIMS, New Delhi",Staphylococcus aureus,Erythromycin,332,174,52.4,28.5672,77.21,0.524
2023,"AIIMS, New Delhi",Staphylococcus aureus,Clindamycin,332,189,57.2,28.5672,77.21,0.5720000000000001
2023,"AIIMS, New Delhi",Staphylococcus aureus,Vancomycin,332,137,41.3,28.5672,77.21,0.413
2023,"AIIMS, New Delhi",Staphylococcus aureus,Linezolid,332,168,50.7,28.5672,77.21,0.507
2023,"AIIMS, New Delhi",Acinetobacter baumannii,Imipenem,314,179,57.3,28.5672,77.21,0.573
2023,"AIIMS, New Delhi",Acinetobacter baumannii,Meropenem,314,176,56.2,28.5672,77.21,0.562
2023,"AIIMS, New Delhi",Acinetobacter baumannii,Ceftriaxone,314,271,86.6,28.5672,77.21,0.866
2023,"AIIMS, New Delhi",Acinetobacter baumannii,Ciprofloxacin,314,180,57.5,28.5672,77.21,0.575
2023,"AIIMS, New Delhi",Acinetobacter baumannii,Amikacin,314,172,55.0,28.5672,77.21,0.55
2023,"AIIMS, New Delhi",Acinetobacter baumannii,Colistin,314,17,5.7,28.5672,77.21,0.057
2023,"AIIMS, New Delhi",Pseudomonas aeruginosa,Imipenem,887,213,24.1,28.5672,77.21,0.24100000000000002
2023,"AIIMS, New Delhi",Pseudomonas aeruginosa,Meropenem,887,195,22.0,28.5672,77.21,0.22
2023,"AIIMS, New Delhi",Pseudomonas aeruginosa,Ceftriaxone,887,327,37.0,28.5672,77.21,0.37
2023,"AIIMS, New Delhi",Pseudomonas aeruginosa,Ciprofloxacin,887,211,23.9,28.5672,77.21,0.239
2023,"AIIMS, New Delhi",Pseudomonas aeruginosa,Amikacin,887,207,23.4,28.5672,77.21,0.23399999999999999
2023,"AIIMS, New Delhi",Pseudomonas aeruginosa,Colistin,887,19,2.2,28.5672,77.21,0.022000000000000002
2023,"CMC, Vellore",Escherichia coli,Imipenem,846,179,21.2,12.9248,79.1352,0.212
2023,"CMC, Vellore",Escherichia coli,Meropenem,846,151,17.9,12.9248,79.1352,0.179
2023,"CMC, Vellore",Escherichia coli,Ceftriaxone,846,241,28.5,12.9248,79.1352,0.285
2023,"CMC, Vellore",Escherichia coli,Ciprofloxacin,846,164,19.5,12.9248,79.1352,0.195
2023,"CMC, Vellore",Escherichia coli,Amikacin,846,125,14.9,12.9248,79.1352,0.149
2023,"CMC, Vellore",Escherichia coli,Colistin,846,19,2.3,12.9248,79.1352,0.023
2023,"CMC, Vellore",Klebsiella pneumoniae,Imipenem,792,323,40.9,12.9248,79.1352,0.409
2023,"CMC, Vellore",Klebsiella pneumoniae,Meropenem,792,379,47.9,12.9248,79.1352,0.479
2023,"CMC, Vellore",Klebsiella pneumoniae,Ceftriaxone,792,546,69.0,12.9248,79.1352,0.69
2023,"CMC, Vellore",Klebsiella pneumoniae,Ciprofloxacin,792,417,52.7,12.9248,79.1352,0.527
2023,"CMC, Vellore",Klebsiella pneumoniae,Amikacin,792,391,49.4,12.9248,79.1352,0.494
2023,"CMC, Vellore",Klebsiella pneumoniae,Colistin,792,38,4.8,12.9248,79.1352,0.048
2023,"CMC, Vellore",Staphylococcus aureus,Penicillin,284,110,38.8,12.9248,79.1352,0.38799999999999996
2023,"CMC, Vellore",Staphylococcus aureus,Ciprofloxacin,284,102,36.0,12.9248,79.1352,0.36
2023,"CMC, Vellore",Staphylococcus aureus,Erythromycin,284,111,39.2,12.9248,79.1352,0.392
2023,"CMC, Vellore",Staphylococcus aureus,Clindamycin,284,85,29.9,12.9248,79.1352,0.299
2023,"CMC, Vellore",Staphylococcus aureus,Vancomycin,284,94,33.3,12.9248,79.1352,0.33299999999999996
2023,"CMC, Vellore",Staphylococcus aureus,Linezolid,284,80,28.3,12.9248,79.1352,0.28300000000000003
2023,"CMC, Vellore",Acinetobacter baumannii,Imipenem,596,230,38.7,12.9248,79.1352,0.387
2023,"CMC, Vellore",Acinetobacter baumannii,Meropenem,596,274,46.0,12.9248,79.1352,0.46
2023,"CMC, Vellore",Acinetobacter baumannii,Ceftriaxone,596,378,63.6,12.9248,79.1352,0.636
2023,"CMC, Vellore",Acinetobacter baumannii,Ciprofloxacin,596,275,46.2,12.9248,79.1352,0.462
2023,"CMC, Vellore",Acinetobacter baumannii,Amikacin,596,266,44.7,12.9248,79.1352,0.447
2023,"CMC, Vellore",Acinetobacter baumannii,Colistin,596,24,4.0,12.9248,79.1352,0.04
2023,"CMC, Vellore",Pseudomonas aeruginosa,Imipenem,635,111,17.6,12.9248,79.1352,0.17600000000000002
2023,"CMC, Vellore",Pseudomonas aeruginosa,Meropenem,635,116,18.3,12.9248,79.1352,0.183
2023,"CMC, Vellore",Pseudomonas aeruginosa,Ceftriaxone,635,179,28.2,12.9248,79.1352,0.282
2023,"CMC, Vellore",Pseudomonas aeruginosa,Ciprofloxacin,635,121,19.2,12.9248,79.1352,0.192
2023,"CMC, Vellore",Pseudomonas aeruginosa,Amikacin,635,122,19.2,12.9248,79.1352,0.192
2023,"CMC, Vellore",Pseudomonas aeruginosa,Colistin,635,11,1.8,12.9248,79.1352,0.018000000000000002
2023,"PGIMER, Chandigarh",Escherichia coli,Imipenem,268,68,25.6,30.7634,76.7797,0.256
2023,"PGIMER, Chandigarh",Escherichia coli,Meropenem,268,63,23.5,30.7634,76.7797,0.235
2023,"PGIMER, Chandigarh",Escherichia coli,Ceftriaxone,268,102,38.1,30.7634,76.7797,0.381
2023,"PGIMER, Chandigarh",Escherichia coli,Ciprofloxacin,268,67,25.2,30.7634,76.7797,0.252
2023,"PGIMER, Chandigarh",Escherichia coli,Amikacin,268,69,25.8,30.7634,76.7797,0.258
2023,"PGIMER, Chandigarh",Escherichia coli,Colistin,268,6,2.6,30.7634,76.7797,0.026000000000000002
2023,"PGIMER, Chandigarh",Klebsiella pneumoniae,Imipenem,576,325,56.6,30.7634,76.7797,0.5660000000000001
2023,"PGIMER, Chandigarh",Klebsiella pneumoniae,Meropenem,576,322,55.9,30.7634,76.7797,0.5589999999999999
2023,"PGIMER, Chandigarh",Klebsiella pneumoniae,Ceftriaxone,576,556,96.7,30.7634,76.7797,0.9670000000000001
2023,"PGIMER, Chandigarh",Klebsiella pneumoniae,Ciprofloxacin,576,354,61.5,30.7634,76.7797,0.615
2023,"PGIMER, Chandigarh",Klebsiella pneumoniae,Amikacin,576,373,64.9,30.7634,76.7797,0.649
2023,"PGIMER, Chandigarh",Klebsiella pneumoniae,Colistin,576,28,5.0,30.7634,76.7797,0.05
2023,"PGIMER, Chandigarh",Staphylococcus aureus,Penicillin,506,285,56.5,30.7634,76.7797,0.565
2023,"PGIMER, Chandigarh",Staphylococcus aureus,Ciprofloxacin,506,233,46.1,30.7634,76.7797,0.461
2023,"PGIMER, Chandigarh",Staphylococcus aureus,Erythromycin,506,248,49.2,30.7634,76.7797,0.49200000000000005
2023,"PGIMER, Chandigarh",Staphylococcus aureus,Clindamycin,506,262,51.9,30.7634,76.7797,0.519
2023,"PGIMER, Chandigarh",Staphylococcus aureus,Vancomycin,506,186,36.8,30.7634,76.7797,0.368
2023,"PGIMER, Chandigarh",Staphylococcus aureus,Linezolid,506,279,55.3,30.7634,76.7797,0.5529999999999999
2023,"PGIMER, Chandigarh",Acinetobacter baumannii,Imipenem,453,238,52.7,30.7634,76.7797,0.527
2023,"PGIMER, Chandigarh",Acinetobacter baumannii,Meropenem,453,227,50.3,30.7634,76.7797,0.503
2023,"PGIMER, Chandigarh",Acinetobacter baumannii,Ceftriaxone,453,377,83.3,30.7634,76.7797,0.833
2023,"PGIMER, Chandigarh",Acinetobacter baumannii,Ciprofloxacin,453,273,60.3,30.7634,76.7797,0.603
2023,"PGIMER, Chandigarh",Acinetobacter baumannii,Amikacin,453,278,61.5,30.7634,76.7797,0.615
2023,"PGIMER, Chandigarh",Acinetobacter baumannii,Colistin,453,23,5.1,30.7634,76.7797,0.051
2023,"PGIMER, Chandigarh",Pseudomonas aeruginosa,Imipenem,380,102,26.9,30.7634,76.7797,0.26899999999999996
2023,"PGIMER, Chandigarh",Pseudomonas aeruginosa,Meropenem,380,83,21.9,30.7634,76.7797,0.21899999999999997
2023,"PGIMER, Chandigarh",Pseudomonas aeruginosa,Ceftriaxone,380,124,32.8,30.7634,76.7797,0.32799999999999996
2023,"PGIMER, Chandigarh",Pseudomonas aeruginosa,Ciprofloxacin,380,95,25.2,30.7634,76.7797,0.252
2023,"PGIMER, Chandigarh",Pseudomonas aeruginosa,Amikacin,380,91,24.0,30.7634,76.7797,0.24
2023,"PGIMER, Chandigarh",Pseudomonas aeruginosa,Colistin,380,10,2.7,30.7634,76.7797,0.027000000000000003
2023,"JIPMER, Puducherry",Escherichia coli,Imipenem,359,61,17.1,11.9547,79.7963,0.171
2023,"JIPMER, Puducherry",Escherichia coli,Meropenem,359,67,18.7,11.9547,79.7963,0.187
2023,"JIPMER, Puducherry",Escherichia coli,Ceftriaxone,359,86,24.1,11.9547,79.7963,0.24100000000000002
2023,"JIPMER, Puducherry",Escherichia coli,Ciprofloxacin,359,59,16.5,11.9547,79.7963,0.165
2023,"JIPMER, Puducherry",Escherichia coli,Amikacin,359,74,20.7,11.9547,79.7963,0.207
2023,"JIPMER, Puducherry",Escherichia coli,Colistin,359,6,1.9,11.9547,79.7963,0.019
2023,"JIPMER, Puducherry",Klebsiella pneumoniae,Imipenem,354,175,49.7,11.9547,79.7963,0.49700000000000005
2023,"JIPMER, Puducherry",Klebsiella pneumoniae,Meropenem,354,151,42.7,11.9547,79.7963,0.42700000000000005
2023,"JIPMER, Puducherry",Klebsiella pneumoniae,Ceftriaxone,354,232,65.7,11.9547,79.7963,0.657
2023,"JIPMER, Puducherry",Klebsiella pneumoniae,Ciprofloxacin,354,143,40.6,11.9547,79.7963,0.406
2023,"JIPMER, Puducherry",Klebsiella pneumoniae,Amikacin,354,152,43.0,11.9547,79.7963,0.43
2023,"JIPMER, Puducherry",Klebsiella pneumoniae,Colistin,354,16,4.7,11.9547,79.7963,0.047
2023,"JIPMER, Puducherry",Staphylococcus aureus,Penicillin,164,64,39.5,11.9547,79.7963,0.395
2023,"JIPMER, Puducherry",Staphylococcus aureus,Ciprofloxacin,164,64,39.5,11.9547,79.7963,0.395
2023,"JIPMER, Puducherry",Staphylococcus aureus,Erythromycin,164,67,41.0,11.9547,79.7963,0.41
2023,"JIPMER, Puducherry",Staphylococcus aureus,Clindamycin,164,64,39.6,11.9547,79.7963,0.396
2023,"JIPMER, Puducherry",Staphylococcus aureus,Vancomycin,164,49,30.1,11.9547,79.7963,0.301
2023,"JIPMER, Puducherry",Staphylococcus aureus,Linezolid,164,60,37.0,11.9547,79.7963,0.37
2023,"JIPMER, Puducherry",Acinetobacter baumannii,Imipenem,199,73,37.0,11.9547,79.7963,0.37
2023,"JIPMER, Puducherry",Acinetobacter baumannii,Meropenem,199,102,51.7,11.9547,79.7963,0.517
2023,"JIPMER, Puducherry",Acinetobacter baumannii,Ceftriaxone,199,143,71.9,11.9547,79.7963,0.7190000000000001
2023,"JIPMER, Puducherry",Acinetobacter baumannii,Ciprofloxacin,199,89,44.7,11.9547,79.7963,0.447
2023,"JIPMER, Puducherry",Acinetobacter baumannii,Amikacin,199,92,46.3,11.9547,79.7963,0.46299999999999997
2023,"JIPMER, Puducherry",Acinetobacter baumannii,Colistin,199,7,4.0,11.9547,79.7963,0.04
2023,"JIPMER, Puducherry",Pseudomonas aeruginosa,Imipenem,245,43,17.6,11.9547,79.7963,0.17600000000000002
2023,"JIPMER, Puducherry",Pseudomonas aeruginosa,Meropenem,245,44,18.1,11.9547,79.7963,0.18100000000000002
2023,"JIPMER, Puducherry",Pseudomonas aeruginosa,Ceftriaxone,245,77,31.8,11.9547,79.7963,0.318
2023,"JIPMER, Puducherry",Pseudomonas aeruginosa,Ciprofloxacin,245,46,19.1,11.9547,79.7963,0.191
2023,"JIPMER, Puducherry",Pseudomonas aeruginosa,Amikacin,245,45,18.4,11.9547,79.7963,0.184
2023,"JIPMER, Puducherry",Pseudomonas aeruginosa,Colistin,245,4,1.9,11.9547,79.7963,0.019
2023,"Apollo Hospital, Chennai",Escherichia coli,Imipenem,234,39,16.9,13.0405,80.2505,0.16899999999999998
2023,"Apollo Hospital, Chennai",Escherichia coli,Meropenem,234,40,17.1,13.0405,80.2505,0.171
2023,"Apollo Hospital, Chennai",Escherichia coli,Ceftriaxone,234,65,28.1,13.0405,80.2505,0.281
2023,"Apollo Hospital, Chennai",Escherichia coli,Ciprofloxacin,234,40,17.3,13.0405,80.2505,0.17300000000000001
2023,"Apollo Hospital, Chennai",Escherichia coli,Amikacin,234,36,15.8,13.0405,80.2505,0.158
2023,"Apollo Hospital, Chennai",Escherichia coli,Colistin,234,3,1.6,13.0405,80.2505,0.016
2023,"Apollo Hospital, Chennai",Klebsiella pneumoniae,Imipenem,185,70,37.9,13.0405,80.2505,0.379
2023,"Apollo Hospital, Chennai",Klebsiella pneumoniae,Meropenem,185,95,51.4,13.0405,80.2505,0.514
2023,"Apollo Hospital, Chennai",Klebsiella pneumoniae,Ceftriaxone,185,114,62.1,13.0405,80.2505,0.621
2023,"Apollo Hospital, Chennai",Klebsiella pneumoniae,Ciprofloxacin,185,88,48.0,13.0405,80.2505,0.48
2023,"Apollo Hospital, Chennai",Klebsiella pneumoniae,Amikacin,185,87,47.1,13.0405,80.2505,0.47100000000000003
2023,"Apollo Hospital, Chennai",Klebsiella pneumoniae,Colistin,185,9,5.1,13.0405,80.2505,0.051
2023,"Apollo Hospital, Chennai",Staphylococcus aureus,Penicillin,148,58,39.8,13.0405,80.2505,0.39799999999999996
2023,"Apollo Hospital, Chennai",Staphylococcus aureus,Ciprofloxacin,148,51,35.1,13.0405,80.2505,0.35100000000000003
2023,"Apollo Hospital, Chennai",Staphylococcus aureus,Erythromycin,148,52,35.8,13.0405,80.2505,0.358
2023,"Apollo Hospital, Chennai",Staphylococcus aureus,Clindamycin,148,57,38.9,13.0405,80.2505,0.389
2023,"Apollo Hospital, Chennai",Staphylococcus aureus,Vancomycin,148,57,39.0,13.0405,80.2505,0.39
2023,"Apollo Hospital, Chennai",Staphylococcus aureus,Linezolid,148,53,35.9,13.0405,80.2505,0.359
2023,"Apollo Hospital, Chennai",Acinetobacter baumannii,Imipenem,304,143,47.1,13.0405,80.2505,0.47100000000000003
2023,"Apollo Hospital, Chennai",Acinetobacter baumannii,Meropenem,304,115,38.1,13.0405,80.2505,0.381
2023,"Apollo Hospital, Chennai",Acinetobacter baumannii,Ceftriaxone,304,226,74.5,13.0405,80.2505,0.745
2023,"Apollo Hospital, Chennai",Acinetobacter baumannii,Ciprofloxacin,304,127,41.9,13.0405,80.2505,0.419
2023,"Apollo Hospital, Chennai",Acinetobacter baumannii,Amikacin,304,124,40.9,13.0405,80.2505,0.409
2023,"Apollo Hospital, Chennai",Acinetobacter baumannii,Colistin,304,12,4.2,13.0405,80.2505,0.042
2023,"Apollo Hospital, Chennai",Pseudomonas aeruginosa,Imipenem,180,33,18.8,13.0405,80.2505,0.188
2023,"Apollo Hospital, Chennai",Pseudomonas aeruginosa,Meropenem,180,32,18.0,13.0405,80.2505,0.18
2023,"Apollo Hospital, Chennai",Pseudomonas aeruginosa,Ceftriaxone,180,59,33.1,13.0405,80.2505,0.331
2023,"Apollo Hospital, Chennai",Pseudomonas aeruginosa,Ciprofloxacin,180,27,15.1,13.0405,80.2505,0.151
2023,"Apollo Hospital, Chennai",Pseudomonas aeruginosa,Amikacin,180,32,18.2,13.0405,80.2505,0.182
2023,"Apollo Hospital, Chennai",Pseudomonas aeruginosa,Colistin,180,3,2.0,13.0405,80.2505,0.02
2023,"Tata Memorial Hospital, Mumbai",Escherichia coli,Imipenem,471,79,16.8,18.9912,72.8258,0.168
2023,"Tata Memorial Hospital, Mumbai",Escherichia coli,Meropenem,471,86,18.3,18.9912,72.8258,0.183
2023,"Tata Memorial Hospital, Mumbai",Escherichia coli,Ceftriaxone,471,117,24.9,18.9912,72.8258,0.249
2023,"Tata Memorial Hospital, Mumbai",Escherichia coli,Ciprofloxacin,471,90,19.2,18.9912,72.8258,0.192
2023,"Tata Memorial Hospital, Mumbai",Escherichia coli,Amikacin,471,83,17.8,18.9912,72.8258,0.17800000000000002
2023,"Tata Memorial Hospital, Mumbai",Escherichia coli,Colistin,471,8,1.8,18.9912,72.8258,0.018000000000000002
2023,"Tata Memorial Hospital, Mumbai",Klebsiella pneumoniae,Imipenem,296,132,44.9,18.9912,72.8258,0.449
2023,"Tata Memorial Hospital, Mumbai",Klebsiella pneumoniae,Meropenem,296,125,42.6,18.9912,72.8258,0.426
2023,"Tata Memorial Hospital, Mumbai",Klebsiella pneumoniae,Ceftriaxone,296,185,62.7,18.9912,72.8258,0.627
2023,"Tata Memorial Hospital, Mumbai",Klebsiella pneumoniae,Ciprofloxacin,296,134,45.5,18.9912,72.8258,0.455
2023,"Tata Memorial Hospital, Mumbai",Klebsiella pneumoniae,Amikacin,296,129,43.9,18.9912,72.8258,0.439
2023,"Tata Memorial Hospital, Mumbai",Klebsiella pneumoniae,Colistin,296,15,5.2,18.9912,72.8258,0.052000000000000005
2023,"Tata Memorial Hospital, Mumbai",Staphylococcus aureus,Penicillin,484,138,28.5,18.9912,72.8258,0.285
2023,"Tata Memorial Hospital, Mumbai",Staphylococcus aureus,Ciprofloxacin,484,152,31.5,18.9912,72.8258,0.315
2023,"Tata Memorial Hospital, Mumbai",Staphylococcus aureus,Erythromycin,484,153,31.8,18.9912,72.8258,0.318
2023,"Tata Memorial Hospital, Mumbai",Staphylococcus aureus,Clindamycin,484,177,36.7,18.9912,72.8258,0.36700000000000005
2023,"Tata Memorial Hospital, Mumbai",Staphylococcus aureus,Vancomycin,484,179,37.0,18.9912,72.8258,0.37
2023,"Tata Memorial Hospital, Mumbai",Staphylococcus aureus,Linezolid,484,169,35.1,18.9912,72.8258,0.35100000000000003
2023,"Tata Memorial Hospital, Mumbai",Acinetobacter baumannii,Imipenem,722,279,38.7,18.9912,72.8258,0.387
2023,"Tata Memorial Hospital, Mumbai",Acinetobacter baumannii,Meropenem,722,299,41.5,18.9912,72.8258,0.415
2023,"Tata Memorial Hospital, Mumbai",Acinetobacter baumannii,Ceftriaxone,722,433,60.0,18.9912,72.8258,0.6
2023,"Tata Memorial Hospital, Mumbai",Acinetobacter baumannii,Ciprofloxacin,722,381,52.9,18.9912,72.8258,0.529
2023,"Tata Memorial Hospital, Mumbai",Acinetobacter baumannii,Amikacin,722,355,49.2,18.9912,72.8258,0.49200000000000005
2023,"Tata Memorial Hospital, Mumbai",Acinetobacter baumannii,Colistin,722,36,5.1,18.9912,72.8258,0.051
2023,"Tata Memorial Hospital, Mumbai",Pseudomonas aeruginosa,Imipenem,203,33,16.7,18.9912,72.8258,0.16699999999999998
2023,"Tata Memorial Hospital, Mumbai",Pseudomonas aeruginosa,Meropenem,203,33,16.7,18.9912,72.8258,0.16699999999999998
2023,"Tata Memorial Hospital, Mumbai",Pseudomonas aeruginosa,Ceftriaxone,203,55,27.3,18.9912,72.8258,0.273
2023,"Tata Memorial Hospital, Mumbai",Pseudomonas aeruginosa,Ciprofloxacin,203,36,17.8,18.9912,72.8258,0.17800000000000002
2023,"Tata Memorial Hospital, Mumbai",Pseudomonas aeruginosa,Amikacin,203,38,18.9,18.9912,72.8258,0.18899999999999997
2023,"Tata Memorial Hospital, Mumbai",Pseudomonas aeruginosa,Colistin,203,3,1.6,18.9912,72.8258,0.016
2023,"Kaling Institute, Bhubaneswar",Escherichia coli,Imipenem,232,45,19.5,20.3546,85.8198,0.195
2023,"Kaling Institute, Bhubaneswar",Escherichia coli,Meropenem,232,37,16.3,20.3546,85.8198,0.163
2023,"Kaling Institute, Bhubaneswar",Escherichia coli,Ceftriaxone,232,64,27.6,20.3546,85.8198,0.276
2023,"Kaling Institute, Bhubaneswar",Escherichia coli,Ciprofloxacin,232,42,18.5,20.3546,85.8198,0.185
2023,"Kaling Institute, Bhubaneswar",Escherichia coli,Amikacin,232,48,21.0,20.3546,85.8198,0.21
2023,"Kaling Institute, Bhubaneswar",Escherichia coli,Colistin,232,3,1.6,20.3546,85.8198,0.016
2023,"Kaling Institute, Bhubaneswar",Klebsiella pneumoniae,Imipenem,288,137,47.7,20.3546,85.8198,0.47700000000000004
2023,"Kaling Institute, Bhubaneswar",Klebsiella pneumoniae,Meropenem,288,125,43.6,20.3546,85.8198,0.436
2023,"Kaling Institute, Bhubaneswar",Klebsiella pneumoniae,Ceftriaxone,288,200,69.7,20.3546,85.8198,0.6970000000000001
2023,"Kaling Institute, Bhubaneswar",Klebsiella pneumoniae,Ciprofloxacin,288,113,39.4,20.3546,85.8198,0.39399999999999996
2023,"Kaling Institute, Bhubaneswar",Klebsiella pneumoniae,Amikacin,288,141,49.2,20.3546,85.8198,0.49200000000000005
2023,"Kaling Institute, Bhubaneswar",Klebsiella pneumoniae,Colistin,288,12,4.4,20.3546,85.8198,0.044000000000000004
2023,"Kaling Institute, Bhubaneswar",Staphylococcus aureus,Penicillin,616,194,31.5,20.3546,85.8198,0.315
2023,"Kaling Institute, Bhubaneswar",Staphylococcus aureus,Ciprofloxacin,616,203,33.1,20.3546,85.8198,0.331
2023,"Kaling Institute, Bhubaneswar",Staphylococcus aureus,Erythromycin,616,250,40.7,20.3546,85.8198,0.40700000000000003
2023,"Kaling Institute, Bhubaneswar",Staphylococcus aureus,Clindamycin,616,182,29.7,20.3546,85.8198,0.297
2023,"Kaling Institute, Bhubaneswar",Staphylococcus aureus,Vancomycin,616,238,38.7,20.3546,85.8198,0.387
2023,"Kaling Institute, Bhubaneswar",Staphylococcus aureus,Linezolid,616,190,30.9,20.3546,85.8198,0.309
2023,"Kaling Institute, Bhubaneswar",Acinetobacter baumannii,Imipenem,398,141,35.6,20.3546,85.8198,0.35600000000000004
2023,"Kaling Institute, Bhubaneswar",Acinetobacter baumannii,Meropenem,398,209,52.6,20.3546,85.8198,0.526
2023,"Kaling Institute, Bhubaneswar",Acinetobacter baumannii,Ceftriaxone,398,274,68.9,20.3546,85.8198,0.6890000000000001
2023,"Kaling Institute, Bhubaneswar",Acinetobacter baumannii,Ciprofloxacin,398,177,44.6,20.3546,85.8198,0.446
2023,"Kaling Institute, Bhubaneswar",Acinetobacter baumannii,Amikacin,398,169,42.5,20.3546,85.8198,0.425
2023,"Kaling Institute, Bhubaneswar",Acinetobacter baumannii,Colistin,398,18,4.7,20.3546,85.8198,0.047
2023,"Kaling Institute, Bhubaneswar",Pseudomonas aeruginosa,Imipenem,644,127,19.7,20.3546,85.8198,0.19699999999999998
2023,"Kaling Institute, Bhubaneswar",Pseudomonas aeruginosa,Meropenem,644,115,17.9,20.3546,85.8198,0.179
2023,"Kaling Institute, Bhubaneswar",Pseudomonas aeruginosa,Ceftriaxone,644,168,26.1,20.3546,85.8198,0.261
2023,"Kaling Institute, Bhubaneswar",Pseudomonas aeruginosa,Ciprofloxacin,644,131,20.4,20.3546,85.8198,0.204
2023,"Kaling Institute, Bhubaneswar",Pseudomonas aeruginosa,Amikacin,644,140,21.9,20.3546,85.8198,0.21899999999999997
2023,"Kaling Institute, Bhubaneswar",Pseudomonas aeruginosa,Colistin,644,12,1.9,20.3546,85.8198,0.019
2023,"Amrita Institute, Kochi",Escherichia coli,Imipenem,669,107,16.1,10.0326,76.2829,0.161
2023,"Amrita Institute, Kochi",Escherichia coli,Meropenem,669,117,17.6,10.0326,76.2829,0.17600000000000002
2023,"Amrita Institute, Kochi",Escherichia coli,Ceftriaxone,669,186,27.8,10.0326,76.2829,0.278
2023,"Amrita Institute, Kochi",Escherichia coli,Ciprofloxacin,669,127,19.1,10.0326,76.2829,0.191
2023,"Amrita Institute, Kochi",Escherichia coli,Amikacin,669,131,19.7,10.0326,76.2829,0.19699999999999998
2023,"Amrita Institute, Kochi",Escherichia coli,Colistin,669,12,1.9,10.0326,76.2829,0.019
2023,"Amrita Institute, Kochi",Klebsiella pneumoniae,Imipenem,590,265,45.0,10.0326,76.2829,0.45
2023,"Amrita Institute, Kochi",Klebsiella pneumoniae,Meropenem,590,301,51.1,10.0326,76.2829,0.511
2023,"Amrita Institute, Kochi",Klebsiella pneumoniae,Ceftriaxone,590,392,66.5,10.0326,76.2829,0.665
2023,"Amrita Institute, Kochi",Klebsiella pneumoniae,Ciprofloxacin,590,247,41.9,10.0326,76.2829,0.419
2023,"Amrita Institute, Kochi",Klebsiella pneumoniae,Amikacin,590,313,53.1,10.0326,76.2829,0.531
2023,"Amrita Institute, Kochi",Klebsiella pneumoniae,Colistin,590,26,4.5,10.0326,76.2829,0.045
2023,"Amrita Institute, Kochi",Staphylococcus aureus,Penicillin,301,103,34.5,10.0326,76.2829,0.345
2023,"Amrita Institute, Kochi",Staphylococcus aureus,Ciprofloxacin,301,101,33.7,10.0326,76.2829,0.337
2023,"Amrita Institute, Kochi",Staphylococcus aureus,Erythromycin,301,118,39.3,10.0326,76.2829,0.39299999999999996
2023,"Amrita Institute, Kochi",Staphylococcus aureus,Clindamycin,301,98,32.7,10.0326,76.2829,0.327
2023,"Amrita Institute, Kochi",Staphylococcus aureus,Vancomycin,301,116,38.6,10.0326,76.2829,0.386
2023,"Amrita Institute, Kochi",Staphylococcus aureus,Linezolid,301,93,31.2,10.0326,76.2829,0.312
2023,"Amrita Institute, Kochi",Acinetobacter baumannii,Imipenem,566,284,50.3,10.0326,76.2829,0.503
2023,"Amrita Institute, Kochi",Acinetobacter baumannii,Meropenem,566,261,46.2,10.0326,76.2829,0.462
2023,"Amrita Institute, Kochi",Acinetobacter baumannii,Ceftriaxone,566,435,77.0,10.0326,76.2829,0.77
2023,"Amrita Institute, Kochi",Acinetobacter baumannii,Ciprofloxacin,566,242,42.8,10.0326,76.2829,0.428
2023,"Amrita Institute, Kochi",Acinetobacter baumannii,Amikacin,566,207,36.7,10.0326,76.2829,0.36700000000000005
2023,"Amrita Institute, Kochi",Acinetobacter baumannii,Colistin,566,22,4.1,10.0326,76.2829,0.040999999999999995
2023,"Amrita Institute, Kochi",Pseudomonas aeruginosa,Imipenem,884,155,17.6,10.0326,76.2829,0.17600000000000002
2023,"Amrita Institute, Kochi",Pseudomonas aeruginosa,Meropenem,884,178,20.2,10.0326,76.2829,0.20199999999999999
2023,"Amrita Institute, Kochi",Pseudomonas aeruginosa,Ceftriaxone,884,244,27.6,10.0326,76.2829,0.276
2023,"Amrita Institute, Kochi",Pseudomonas aeruginosa,Ciprofloxacin,884,165,18.8,10.0326,76.2829,0.188
2023,"Amrita Institute, Kochi",Pseudomonas aeruginosa,Amikacin,884,167,19.0,10.0326,76.2829,0.19
2023,"Amrita Institute, Kochi",Pseudomonas aeruginosa,Colistin,884,16,1.8,10.0326,76.2829,0.018000000000000002
2023,"Sams Hospital, Hyderabad",Escherichia coli,Imipenem,165,29,18.2,17.385,78.4867,0.182
2023,"Sams Hospital, Hyderabad",Escherichia coli,Meropenem,165,30,18.3,17.385,78.4867,0.183
2023,"Sams Hospital, Hyderabad",Escherichia coli,Ceftriaxone,165,47,28.6,17.385,78.4867,0.28600000000000003
2023,"Sams Hospital, Hyderabad",Escherichia coli,Ciprofloxacin,165,25,15.3,17.385,78.4867,0.153
2023,"Sams Hospital, Hyderabad",Escherichia coli,Amikacin,165,29,18.0,17.385,78.4867,0.18
2023,"Sams Hospital, Hyderabad",Escherichia coli,Colistin,165,2,1.7,17.385,78.4867,0.017
2023,"Sams Hospital, Hyderabad",Klebsiella pneumoniae,Imipenem,154,77,50.2,17.385,78.4867,0.502
2023,"Sams Hospital, Hyderabad",Klebsiella pneumoniae,Meropenem,154,64,41.8,17.385,78.4867,0.418
2023,"Sams Hospital, Hyderabad",Klebsiella pneumoniae,Ceftriaxone,154,103,67.3,17.385,78.4867,0.6729999999999999
2023,"Sams Hospital, Hyderabad",Klebsiella pneumoniae,Ciprofloxacin,154,81,53.0,17.385,78.4867,0.53
2023,"Sams Hospital, Hyderabad",Klebsiella pneumoniae,Amikacin,154,64,42.2,17.385,78.4867,0.42200000000000004
2023,"Sams Hospital, Hyderabad",Klebsiella pneumoniae,Colistin,154,8,5.3,17.385,78.4867,0.053
2023,"Sams Hospital, Hyderabad",Staphylococcus aureus,Penicillin,96,36,37.8,17.385,78.4867,0.37799999999999995
2023,"Sams Hospital, Hyderabad",Staphylococcus aureus,Ciprofloxacin,96,36,37.9,17.385,78.4867,0.379
2023,"Sams Hospital, Hyderabad",Staphylococcus aureus,Erythromycin,96,30,32.1,17.385,78.4867,0.321
2023,"Sams Hospital, Hyderabad",Staphylococcus aureus,Clindamycin,96,37,39.3,17.385,78.4867,0.39299999999999996
2023,"Sams Hospital, Hyderabad",Staphylococcus aureus,Vancomycin,96,28,29.7,17.385,78.4867,0.297
2023,"Sams Hospital, Hyderabad",Staphylococcus aureus,Linezolid,96,38,40.1,17.385,78.4867,0.401
2023,"Sams Hospital, Hyderabad",Acinetobacter baumannii,Imipenem,70,31,44.7,17.385,78.4867,0.447
2023,"Sams Hospital, Hyderabad",Acinetobacter baumannii,Meropenem,70,33,47.8,17.385,78.4867,0.478
2023,"Sams Hospital, Hyderabad",Acinetobacter baumannii,Ceftriaxone,70,48,68.7,17.385,78.4867,0.687
2023,"Sams Hospital, Hyderabad",Acinetobacter baumannii,Ciprofloxacin,70,27,39.0,17.385,78.4867,0.39
2023,"Sams Hospital, Hyderabad",Acinetobacter baumannii,Amikacin,70,32,46.7,17.385,78.4867,0.467
2023,"Sams Hospital, Hyderabad",Acinetobacter baumannii,Colistin,70,3,4.8,17.385,78.4867,0.048
2023,"Sams Hospital, Hyderabad",Pseudomonas aeruginosa,Imipenem,189,38,20.3,17.385,78.4867,0.203
2023,"Sams Hospital, Hyderabad",Pseudomonas aeruginosa,Meropenem,189,37,19.9,17.385,78.4867,0.19899999999999998
2023,"Sams Hospital, Hyderabad",Pseudomonas aeruginosa,Ceftriaxone,189,48,25.8,17.385,78.4867,0.258
2023,"Sams Hospital, Hyderabad",Pseudomonas aeruginosa,Ciprofloxacin,189,36,19.1,17.385,78.4867,0.191
2023,"Sams Hospital, Hyderabad",Pseudomonas aeruginosa,Amikacin,189,28,15.3,17.385,78.4867,0.153
2023,"Sams Hospital, Hyderabad",Pseudomonas aeruginosa,Colistin,189,3,1.8,17.385,78.4867,0.018000000000000002
2023,"King George Medical Univ, Lucknow",Escherichia coli,Imipenem,378,98,26.0,26.8687,80.9157,0.26
2023,"King George Medical Univ, Lucknow",Escherichia coli,Meropenem,378,91,24.3,26.8687,80.9157,0.243
2023,"King George Medical Univ, Lucknow",Escherichia coli,Ceftriaxone,378,142,37.6,26.8687,80.9157,0.376
2023,"King George Medical Univ, Lucknow",Escherichia coli,Ciprofloxacin,378,88,23.5,26.8687,80.9157,0.235
2023,"King George Medical Univ, Lucknow",Escherichia coli,Amikacin,378,100,26.7,26.8687,80.9157,0.267
2023,"King George Medical Univ, Lucknow",Escherichia coli,Colistin,378,8,2.4,26.8687,80.9157,0.024
2023,"King George Medical Univ, Lucknow",Klebsiella pneumoniae,Imipenem,349,229,65.6,26.8687,80.9157,0.6559999999999999
2023,"King George Medical Univ, Lucknow",Klebsiella pneumoniae,Meropenem,349,198,56.9,26.8687,80.9157,0.569
2023,"King George Medical Univ, Lucknow",Klebsiella pneumoniae,Ceftriaxone,349,317,90.9,26.8687,80.9157,0.909
2023,"King George Medical Univ, Lucknow",Klebsiella pneumoniae,Ciprofloxacin,349,199,57.2,26.8687,80.9157,0.5720000000000001
2023,"King George Medical Univ, Lucknow",Klebsiella pneumoniae,Amikacin,349,200,57.4,26.8687,80.9157,0.574
2023,"King George Medical Univ, Lucknow",Klebsiella pneumoniae,Colistin,349,20,5.8,26.8687,80.9157,0.057999999999999996
2023,"King George Medical Univ, Lucknow",Staphylococcus aureus,Penicillin,121,52,43.0,26.8687,80.9157,0.43
2023,"King George Medical Univ, Lucknow",Staphylococcus aureus,Ciprofloxacin,121,65,54.1,26.8687,80.9157,0.541
2023,"King George Medical Univ, Lucknow",Staphylococcus aureus,Erythromycin,121,56,46.7,26.8687,80.9157,0.467
2023,"King George Medical Univ, Lucknow",Staphylococcus aureus,Clindamycin,121,58,48.6,26.8687,80.9157,0.486
2023,"King George Medical Univ, Lucknow",Staphylococcus aureus,Vancomycin,121,60,50.0,26.8687,80.9157,0.5
2023,"King George Medical Univ, Lucknow",Staphylococcus aureus,Linezolid,121,46,38.7,26.8687,80.9157,0.387
2023,"King George Medical Univ, Lucknow",Acinetobacter baumannii,Imipenem,333,220,66.2,26.8687,80.9157,0.662
2023,"King George Medical Univ, Lucknow",Acinetobacter baumannii,Meropenem,333,170,51.1,26.8687,80.9157,0.511
2023,"King George Medical Univ, Lucknow",Acinetobacter baumannii,Ceftriaxone,333,307,92.4,26.8687,80.9157,0.924
2023,"King George Medical Univ, Lucknow",Acinetobacter baumannii,Ciprofloxacin,333,217,65.3,26.8687,80.9157,0.653
2023,"King George Medical Univ, Lucknow",Acinetobacter baumannii,Amikacin,333,201,60.5,26.8687,80.9157,0.605
2023,"King George Medical Univ, Lucknow",Acinetobacter baumannii,Colistin,333,22,6.6,26.8687,80.9157,0.066
2023,"King George Medical Univ, Lucknow",Pseudomonas aeruginosa,Imipenem,377,101,26.9,26.8687,80.9157,0.26899999999999996
2023,"King George Medical Univ, Lucknow",Pseudomonas aeruginosa,Meropenem,377,84,22.4,26.8687,80.9157,0.22399999999999998
2023,"King George Medical Univ, Lucknow",Pseudomonas aeruginosa,Ceftriaxone,377,128,34.2,26.8687,80.9157,0.342
2023,"King George Medical Univ, Lucknow",Pseudomonas aeruginosa,Ciprofloxacin,377,67,18.0,26.8687,80.9157,0.18
2023,"King George Medical Univ, Lucknow",Pseudomonas aeruginosa,Amikacin,377,98,26.2,26.8687,80.9157,0.262
2023,"King George Medical Univ, Lucknow",Pseudomonas aeruginosa,Colistin,377,9,2.5,26.8687,80.9157,0.025
2023,"IPGMER, Kolkata",Escherichia coli,Imipenem,386,67,17.5,22.5298,88.3442,0.175
2023,"IPGMER, Kolkata",Escherichia coli,Meropenem,386,64,16.8,22.5298,88.3442,0.168
2023,"IPGMER, Kolkata",Escherichia coli,Ceftriaxone,386,122,31.7,22.5298,88.3442,0.317
2023,"IPGMER, Kolkata",Escherichia coli,Ciprofloxacin,386,70,18.3,22.5298,88.3442,0.183
2023,"IPGMER, Kolkata",Escherichia coli,Amikacin,386,69,18.0,22.5298,88.3442,0.18
2023,"IPGMER, Kolkata",Escherichia coli,Colistin,386,6,1.8,22.5298,88.3442,0.018000000000000002
2023,"IPGMER, Kolkata",Klebsiella pneumoniae,Imipenem,333,156,47.0,22.5298,88.3442,0.47
2023,"IPGMER, Kolkata",Klebsiella pneumoniae,Meropenem,333,160,48.3,22.5298,88.3442,0.483
2023,"IPGMER, Kolkata",Klebsiella pneumoniae,Ceftriaxone,333,189,56.8,22.5298,88.3442,0.568
2023,"IPGMER, Kolkata",Klebsiella pneumoniae,Ciprofloxacin,333,159,47.9,22.5298,88.3442,0.479
2023,"IPGMER, Kolkata",Klebsiella pneumoniae,Amikacin,333,146,43.9,22.5298,88.3442,0.439
2023,"IPGMER, Kolkata",Klebsiella pneumoniae,Colistin,333,13,4.1,22.5298,88.3442,0.040999999999999995
2023,"IPGMER, Kolkata",Staphylococcus aureus,Penicillin,241,91,38.0,22.5298,88.3442,0.38
2023,"IPGMER, Kolkata",Staphylococcus aureus,Ciprofloxacin,241,73,30.5,22.5298,88.3442,0.305
2023,"IPGMER, Kolkata",Staphylococcus aureus,Erythromycin,241,93,39.0,22.5298,88.3442,0.39
2023,"IPGMER, Kolkata",Staphylococcus aureus,Clindamycin,241,88,36.7,22.5298,88.3442,0.36700000000000005
2023,"IPGMER, Kolkata",Staphylococcus aureus,Vancomycin,241,85,35.5,22.5298,88.3442,0.355
2023,"IPGMER, Kolkata",Staphylococcus aureus,Linezolid,241,81,33.6,22.5298,88.3442,0.336
2023,"IPGMER, Kolkata",Acinetobacter baumannii,Imipenem,619,295,47.8,22.5298,88.3442,0.478
2023,"IPGMER, Kolkata",Acinetobacter baumannii,Meropenem,619,264,42.7,22.5298,88.3442,0.42700000000000005
2023,"IPGMER, Kolkata",Acinetobacter baumannii,Ceftriaxone,619,400,64.7,22.5298,88.3442,0.647
2023,"IPGMER, Kolkata",Acinetobacter baumannii,Ciprofloxacin,619,275,44.5,22.5298,88.3442,0.445
2023,"IPGMER, Kolkata",Acinetobacter baumannii,Amikacin,619,292,47.3,22.5298,88.3442,0.473
2023,"IPGMER, Kolkata",Acinetobacter baumannii,Colistin,619,31,5.0,22.5298,88.3442,0.05
2023,"IPGMER, Kolkata",Pseudomonas aeruginosa,Imipenem,290,65,22.5,22.5298,88.3442,0.225
2023,"IPGMER, Kolkata",Pseudomonas aeruginosa,Meropenem,290,54,18.8,22.5298,88.3442,0.188
2023,"IPGMER, Kolkata",Pseudomonas aeruginosa,Ceftriaxone,290,64,22.4,22.5298,88.3442,0.22399999999999998
2023,"IPGMER, Kolkata",Pseudomonas aeruginosa,Ciprofloxacin,290,53,18.3,22.5298,88.3442,0.183
2023,"IPGMER, Kolkata",Pseudomonas aeruginosa,Amikacin,290,42,14.7,22.5298,88.3442,0.147
2023,"IPGMER, Kolkata",Pseudomonas aeruginosa,Colistin,290,6,2.4,22.5298,88.3442,0.024
2023,"SMS Hospital, Jaipur",Escherichia coli,Imipenem,1020,299,29.4,26.9066,75.8173,0.294
2023,"SMS Hospital, Jaipur",Escherichia coli,Meropenem,1020,228,22.4,26.9066,75.8173,0.22399999999999998
2023,"SMS Hospital, Jaipur",Escherichia coli,Ceftriaxone,1020,284,27.9,26.9066,75.8173,0.27899999999999997
2023,"SMS Hospital, Jaipur",Escherichia coli,Ciprofloxacin,1020,223,21.9,26.9066,75.8173,0.21899999999999997
2023,"SMS Hospital, Jaipur",Escherichia coli,Amikacin,1020,240,23.6,26.9066,75.8173,0.23600000000000002
2023,"SMS Hospital, Jaipur",Escherichia coli,Colistin,1020,20,2.0,26.9066,75.8173,0.02
2023,"SMS Hospital, Jaipur",Klebsiella pneumoniae,Imipenem,313,197,63.0,26.9066,75.8173,0.63
2023,"SMS Hospital, Jaipur",Klebsiella pneumoniae,Meropenem,313,184,58.8,26.9066,75.8173,0.588
2023,"SMS Hospital, Jaipur",Klebsiella pneumoniae,Ceftriaxone,313,256,81.8,26.9066,75.8173,0.818
2023,"SMS Hospital, Jaipur",Klebsiella pneumoniae,Ciprofloxacin,313,206,65.8,26.9066,75.8173,0.6579999999999999
2023,"SMS Hospital, Jaipur",Klebsiella pneumoniae,Amikacin,313,183,58.6,26.9066,75.8173,0.586
2023,"SMS Hospital, Jaipur",Klebsiella pneumoniae,Colistin,313,18,6.1,26.9066,75.8173,0.061
2023,"SMS Hospital, Jaipur",Staphylococcus aureus,Penicillin,717,375,52.4,26.9066,75.8173,0.524
2023,"SMS Hospital, Jaipur",Staphylococcus aureus,Ciprofloxacin,717,345,48.2,26.9066,75.8173,0.48200000000000004
2023,"SMS Hospital, Jaipur",Staphylococcus aureus,Erythromycin,717,408,57.0,26.9066,75.8173,0.57
2023,"SMS Hospital, Jaipur",Staphylococcus aureus,Clindamycin,717,372,51.9,26.9066,75.8173,0.519
2023,"SMS Hospital, Jaipur",Staphylococcus aureus,Vancomycin,717,382,53.3,26.9066,75.8173,0.5329999999999999
2023,"SMS Hospital, Jaipur",Staphylococcus aureus,Linezolid,717,348,48.6,26.9066,75.8173,0.486
2023,"SMS Hospital, Jaipur",Acinetobacter baumannii,Imipenem,884,588,66.6,26.9066,75.8173,0.6659999999999999
2023,"SMS Hospital, Jaipur",Acinetobacter baumannii,Meropenem,884,533,60.4,26.9066,75.8173,0.604
2023,"SMS Hospital, Jaipur",Acinetobacter baumannii,Ceftriaxone,884,744,84.3,26.9066,75.8173,0.843
2023,"SMS Hospital, Jaipur",Acinetobacter baumannii,Ciprofloxacin,884,505,57.2,26.9066,75.8173,0.5720000000000001
2023,"SMS Hospital, Jaipur",Acinetobacter baumannii,Amikacin,884,505,57.2,26.9066,75.8173,0.5720000000000001
2023,"SMS Hospital, Jaipur",Acinetobacter baumannii,Colistin,884,47,5.4,26.9066,75.8173,0.054000000000000006
2023,"SMS Hospital, Jaipur",Pseudomonas aeruginosa,Imipenem,474,103,21.8,26.9066,75.8173,0.218
2023,"SMS Hospital, Jaipur",Pseudomonas aeruginosa,Meropenem,474,120,25.4,26.9066,75.8173,0.254
2023,"SMS Hospital, Jaipur",Pseudomonas aeruginosa,Ceftriaxone,474,188,39.7,26.9066,75.8173,0.397
2023,"SMS Hospital, Jaipur",Pseudomonas aeruginosa,Ciprofloxacin,474,112,23.8,26.9066,75.8173,0.23800000000000002
2023,"SMS Hospital, Jaipur",Pseudomonas aeruginosa,Amikacin,474,116,24.6,26.9066,75.8173,0.24600000000000002
2023,"SMS Hospital, Jaipur",Pseudomonas aeruginosa,Colistin,474,11,2.4,26.9066,75.8173,0.024
2023,"RIMS, Ranchi",Escherichia coli,Imipenem,908,163,18.1,23.3644,85.34,0.18100000000000002
2023,"RIMS, Ranchi",Escherichia coli,Meropenem,908,184,20.3,23.3644,85.34,0.203
2023,"RIMS, Ranchi",Escherichia coli,Ceftriaxone,908,249,27.5,23.3644,85.34,0.275
2023,"RIMS, Ranchi",Escherichia coli,Ciprofloxacin,908,164,18.1,23.3644,85.34,0.18100000000000002
2023,"RIMS, Ranchi",Escherichia coli,Amikacin,908,141,15.6,23.3644,85.34,0.156
2023,"RIMS, Ranchi",Escherichia coli,Colistin,908,17,1.9,23.3644,85.34,0.019
2023,"RIMS, Ranchi",Klebsiella pneumoniae,Imipenem,762,394,51.7,23.3644,85.34,0.517
2023,"RIMS, Ranchi",Klebsiella pneumoniae,Meropenem,762,350,46.0,23.3644,85.34,0.46
2023,"RIMS, Ranchi",Klebsiella pneumoniae,Ceftriaxone,762,528,69.3,23.3644,85.34,0.693
2023,"RIMS, Ranchi",Klebsiella pneumoniae,Ciprofloxacin,762,329,43.2,23.3644,85.34,0.43200000000000005
2023,"RIMS, Ranchi",Klebsiella pneumoniae,Amikacin,762,361,47.4,23.3644,85.34,0.474
2023,"RIMS, Ranchi",Klebsiella pneumoniae,Colistin,762,34,4.5,23.3644,85.34,0.045
2023,"RIMS, Ranchi",Staphylococcus aureus,Penicillin,532,203,38.2,23.3644,85.34,0.382
2023,"RIMS, Ranchi",Staphylococcus aureus,Ciprofloxacin,532,195,36.7,23.3644,85.34,0.36700000000000005
2023,"RIMS, Ranchi",Staphylococcus aureus,Erythromycin,532,182,34.4,23.3644,85.34,0.344
2023,"RIMS, Ranchi",Staphylococcus aureus,Clindamycin,532,195,36.7,23.3644,85.34,0.36700000000000005
2023,"RIMS, Ranchi",Staphylococcus aureus,Vancomycin,532,212,39.9,23.3644,85.34,0.39899999999999997
2023,"RIMS, Ranchi",Staphylococcus aureus,Linezolid,532,171,32.3,23.3644,85.34,0.32299999999999995
2023,"RIMS, Ranchi",Acinetobacter baumannii,Imipenem,316,116,36.9,23.3644,85.34,0.369
2023,"RIMS, Ranchi",Acinetobacter baumannii,Meropenem,316,155,49.3,23.3644,85.34,0.493
2023,"RIMS, Ranchi",Acinetobacter baumannii,Ceftriaxone,316,203,64.3,23.3644,85.34,0.643
2023,"RIMS, Ranchi",Acinetobacter baumannii,Ciprofloxacin,316,144,45.6,23.3644,85.34,0.456
2023,"RIMS, Ranchi",Acinetobacter baumannii,Amikacin,316,147,46.7,23.3644,85.34,0.467
2023,"RIMS, Ranchi",Acinetobacter baumannii,Colistin,316,13,4.3,23.3644,85.34,0.043
2023,"RIMS, Ranchi",Pseudomonas aeruginosa,Imipenem,282,58,20.8,23.3644,85.34,0.20800000000000002
2023,"RIMS, Ranchi",Pseudomonas aeruginosa,Meropenem,282,50,17.9,23.3644,85.34,0.179
2023,"RIMS, Ranchi",Pseudomonas aeruginosa,Ceftriaxone,282,71,25.5,23.3644,85.34,0.255
2023,"RIMS, Ranchi",Pseudomonas aeruginosa,Ciprofloxacin,282,60,21.4,23.3644,85.34,0.214
2023,"RIMS, Ranchi",Pseudomonas aeruginosa,Amikacin,282,43,15.4,23.3644,85.34,0.154
2023,"RIMS, Ranchi",Pseudomonas aeruginosa,Colistin,282,3,1.4,23.3644,85.34,0.013999999999999999
2023,"GMCH, Guwahati",Escherichia coli,Imipenem,138,23,17.0,26.1528,91.7709,0.17
2023,"GMCH, Guwahati",Escherichia coli,Meropenem,138,27,19.6,26.1528,91.7709,0.196
2023,"GMCH, Guwahati",Escherichia coli,Ceftriaxone,138,38,28.3,26.1528,91.7709,0.28300000000000003
2023,"GMCH, Guwahati",Escherichia coli,Ciprofloxacin,138,26,19.0,26.1528,91.7709,0.19
2023,"GMCH, Guwahati",Escherichia coli,Amikacin,138,23,17.1,26.1528,91.7709,0.171
2023,"GMCH, Guwahati",Escherichia coli,Colistin,138,2,1.7,26.1528,91.7709,0.017
2023,"GMCH, Guwahati",Klebsiella pneumoniae,Imipenem,193,90,46.9,26.1528,91.7709,0.469
2023,"GMCH, Guwahati",Klebsiella pneumoniae,Meropenem,193,88,46.1,26.1528,91.7709,0.461
2023,"GMCH, Guwahati",Klebsiella pneumoniae,Ceftriaxone,193,125,65.2,26.1528,91.7709,0.652
2023,"GMCH, Guwahati",Klebsiella pneumoniae,Ciprofloxacin,193,100,52.0,26.1528,91.7709,0.52
2023,"GMCH, Guwahati",Klebsiella pneumoniae,Amikacin,193,77,40.0,26.1528,91.7709,0.4
2023,"GMCH, Guwahati",Klebsiella pneumoniae,Colistin,193,7,4.0,26.1528,91.7709,0.04
2023,"GMCH, Guwahati",Staphylococcus aureus,Penicillin,170,56,33.2,26.1528,91.7709,0.332
2023,"GMCH, Guwahati",Staphylococcus aureus,Ciprofloxacin,170,65,38.3,26.1528,91.7709,0.38299999999999995
2023,"GMCH, Guwahati",Staphylococcus aureus,Erythromycin,170,63,37.4,26.1528,91.7709,0.374
2023,"GMCH, Guwahati",Staphylococcus aureus,Clindamycin,170,65,38.5,26.1528,91.7709,0.385
2023,"GMCH, Guwahati",Staphylococcus aureus,Vancomycin,170,54,31.8,26.1528,91.7709,0.318
2023,"GMCH, Guwahati",Staphylococcus aureus,Linezolid,170,76,45.2,26.1528,91.7709,0.452
2023,"GMCH, Guwahati",Acinetobacter baumannii,Imipenem,141,60,43.1,26.1528,91.7709,0.431
2023,"GMCH, Guwahati",Acinetobacter baumannii,Meropenem,141,60,42.8,26.1528,91.7709,0.428
2023,"GMCH, Guwahati",Acinetobacter baumannii,Ceftriaxone,141,110,78.5,26.1528,91.7709,0.785
2023,"GMCH, Guwahati",Acinetobacter baumannii,Ciprofloxacin,141,47,33.8,26.1528,91.7709,0.33799999999999997
2023,"GMCH, Guwahati",Acinetobacter baumannii,Amikacin,141,66,47.3,26.1528,91.7709,0.473
2023,"GMCH, Guwahati",Acinetobacter baumannii,Colistin,141,6,4.4,26.1528,91.7709,0.044000000000000004
2023,"GMCH, Guwahati",Pseudomonas aeruginosa,Imipenem,209,37,17.7,26.1528,91.7709,0.177
2023,"GMCH, Guwahati",Pseudomonas aeruginosa,Meropenem,209,32,15.6,26.1528,91.7709,0.156
2023,"GMCH, Guwahati",Pseudomonas aeruginosa,Ceftriaxone,209,48,23.1,26.1528,91.7709,0.231
2023,"GMCH, Guwahati",Pseudomonas aeruginosa,Ciprofloxacin,209,39,19.1,26.1528,91.7709,0.191
2023,"GMCH, Guwahati",Pseudomonas aeruginosa,Amikacin,209,32,15.3,26.1528,91.7709,0.153
2023,"GMCH, Guwahati",Pseudomonas aeruginosa,Colistin,209,3,1.9,26.1528,91.7709,0.019
